date,CH4
2025-08-24,1871.7540283203125
2025-08-25,1871.7540283203125
2025-08-26,1871.7540283203125
2025-08-27,1871.7540283203125
2025-08-28,1871.7540283203125
2025-08-29,1871.7540283203125
2025-08-30,1871.4945829841404
2025-08-31,1871.2594252167225
2025-09-01,1871.0485550180586
2025-09-02,1870.8619723881486
2025-09-03,1870.6996773269934
2025-09-04,1870.5616698345925
2025-09-05,1870.4479499109452
2025-09-06,1870.358517556053
2025-09-07,1870.2933727699137
2025-09-08,1870.2525155525295
2025-09-09,1870.2359459038992
2025-09-10,1870.2436638240229
2025-09-11,1870.275669312901
2025-09-12,1870.3319623705333
2025-09-13,1870.41254299692
2025-09-14,1870.5174111920605
2025-09-15,1870.6465669559554
2025-09-16,1870.8000102886044
2025-09-17,1870.9777411900075
2025-09-18,1871.1797596601648
2025-09-19,1871.4060656990769
2025-09-20,1871.6566593067423
2025-09-21,1871.931540483162
2025-09-22,1872.230709228337
2025-09-23,1872.554165542265
2025-09-24,1872.9019094249472
2025-09-25,1873.2739408763841
2025-09-26,1873.670259896575
2025-09-27,1874.0908664855203
2025-09-28,1874.5357606432194
2025-09-29,1875.0049423696728
2025-09-30,1875.4984116648807
2025-10-01,1876.0161685288424
2025-10-02,1876.5582129615582
2025-10-03,1877.1245449630287
2025-10-04,1877.7151645332526
2025-10-05,1878.3300716722315
2025-10-06,1878.9692663799642
2025-10-07,1879.632748656451
2025-10-08,1880.3205185016925
2025-10-09,1881.0325759156879
2025-10-10,1881.7689208984373
2025-10-11,1882.5295534499407
2025-10-12,1883.314473570199
2025-10-13,1884.123681259211
2025-10-14,1884.9571765169771
2025-10-15,1885.814959343497
2025-10-16,1886.6970297387722
2025-10-17,1887.603387702801
2025-10-18,1888.5340332355843
2025-10-19,1889.488966337121
2025-10-20,1890.4681870074123
2025-10-21,1891.4716952464582
2025-10-22,1892.499491054258
2025-10-23,1893.5515744308113
2025-10-24,1894.62794537612
2025-10-25,1895.7286038901825
2025-10-26,1896.8535499729987
2025-10-27,1898.0027836245692
2025-10-28,1899.1763048448938
2025-10-29,1900.3741136339734
2025-10-30,1901.5962099918063
2025-10-31,1902.8425939183937
2025-11-01,1904.1132654137355
2025-11-02,1905.408224477831
2025-11-03,1906.727471110681
2025-11-04,1908.071005312285
2025-11-05,1909.4388270826435
2025-11-06,1910.8309364217562
2025-11-07,1912.247333329623
2025-11-08,1913.6880178062436
2025-11-09,1915.152989851619
2025-11-10,1916.6422494657481
2025-11-11,1918.1557966486318
2025-11-12,1919.6936314002692
2025-11-13,1921.2557537206615
2025-11-14,1922.8421636098074
2025-11-15,1924.4528610677073
2025-11-16,1926.0878460943613
2025-11-17,1927.7471186897703
2025-11-18,1929.430678853933
2025-11-19,1931.1385265868498
2025-11-20,1932.8706618885212
2025-11-21,1934.6270847589465
2025-11-22,1936.4077951981262
2025-11-23,1938.2127932060596
2025-11-24,1940.0420787827477
2025-11-25,1941.8956519281896
2025-11-26,1943.773512642386
2025-11-27,1945.6756609253364
2025-11-28,1947.6020967770407
2025-11-29,1949.5528201974998
2025-11-30,1951.5278311867128
2025-12-01,1953.5271297446802
2025-12-02,1955.5507158714013
2025-12-03,1957.5985895668769
2025-12-04,1959.6707508311067
2025-12-05,1961.7671996640906
2025-12-06,1963.8879360658289
2025-12-07,1966.032960036321
2025-12-08,1968.2022715755675
2025-12-09,1970.3958706835683
2025-12-10,1972.6137573603228
2025-12-11,1974.8559316058318
2025-12-12,1977.1223934200952
2025-12-13,1979.4131428031133
2025-12-14,1981.7281797548844
2025-12-15,1984.0675042754106
2025-12-16,1986.4311163646903
2025-12-17,1988.8190160227243
2025-12-18,1991.2312032495124
2025-12-19,1993.6676780450553
2025-12-20,1996.1284404093517
2025-12-21,1998.613490342403
2025-12-22,2001.1228278442077
2025-12-23,2003.6564529147674
2025-12-24,2006.2143655540808
2025-12-25,2008.7965657621482
2025-12-26,2011.4030535389702
2025-12-27,2014.0338288845462
2025-12-28,2016.6888917988765
2025-12-29,2019.368242281961
2025-12-30,2022.0718803337993
2025-12-31,2024.7998059543922
2026-01-01,2027.552019143739
2026-01-02,2030.3285199018403
2026-01-03,2033.1293082286957
2026-01-04,2035.954384124305
2026-01-05,2038.8037475886688
2026-01-06,2041.677398621787
2026-01-07,2044.5753372236586
2026-01-08,2047.497563394285
2026-01-09,2050.444077133666
2026-01-10,2053.4148784418003
2026-01-11,2056.409967318689
2026-01-12,2059.429343764332
2026-01-13,2062.473007778729
2026-01-14,2065.5409593618806
2026-01-15,2068.633198513786
2026-01-16,2071.749725234446
2026-01-17,2074.89053952386
2026-01-18,2078.0556413820277
2026-01-19,2081.24503080895
2026-01-20,2084.4587078046266
2026-01-21,2087.6966723690575
2026-01-22,2090.9589245022426
2026-01-23,2094.1845235679784
2026-01-24,2097.312528930065
2026-01-25,2100.3429405885004
2026-01-26,2103.2757585432846
2026-01-27,2106.1109827944188
2026-01-28,2108.8486133419024
2026-01-29,2111.488650185735
2026-01-30,2114.0310933259166
2026-01-31,2116.475942762449
2026-02-01,2118.823198495329
2026-02-02,2121.072860524559
2026-02-03,2123.2249288501384
2026-02-04,2125.2794034720673
2026-02-05,2127.2362843903456
2026-02-06,2129.095571604973
2026-02-07,2130.85726511595
2026-02-08,2132.5213649232755
2026-02-09,2134.0878710269512
2026-02-10,2135.556783426977
2026-02-11,2136.92810212335
2026-02-12,2138.201827116074
2026-02-13,2139.3779584051467
2026-02-14,2140.4564959905692
2026-02-15,2141.4374398723407
2026-02-16,2142.3207900504613
2026-02-17,2143.1065465249317
2026-02-18,2143.7947092957515
2026-02-19,2144.3852783629204
2026-02-20,2144.8782537264383
2026-02-21,2145.2736353863065
2026-02-22,2145.571423342523
2026-02-23,2145.771617595089
2026-02-24,2145.8742181440048
2026-02-25,2145.87922498927
2026-02-26,2145.7866381308845
2026-02-27,2145.5964575688477
2026-02-28,2145.3086833031607
2026-03-01,2144.923315333823
2026-03-02,2144.440353660835
2026-03-03,2143.859798284196
2026-03-04,2143.1816492039065
2026-03-05,2142.405906419966
2026-03-06,2141.5325699323753
2026-03-07,2140.5616397411336
2026-03-08,2139.4931158462414
2026-03-09,2138.326998247698
2026-03-10,2137.063286945505
2026-03-11,2135.701981939661
2026-03-12,2134.2430832301657
2026-03-13,2132.6865908170203
2026-03-14,2131.032504700224
2026-03-15,2129.280824879777
2026-03-16,2127.43155135568
2026-03-17,2125.4846841279314
2026-03-18,2123.4402231965328
2026-03-19,2121.298168561483
2026-03-20,2119.058520222783
2026-03-21,2116.7212781804324
2026-03-22,2114.2864424344307
2026-03-23,2111.754012984779
2026-03-24,2109.123989831476
2026-03-25,2106.396372974523
2026-03-26,2103.571162413919
2026-03-27,2100.648358149664
2026-03-28,2097.6279601817587
2026-03-29,2094.5099685102023
2026-03-30,2091.294383134996
2026-03-31,2087.9812040561383
2026-04-01,2084.5704312736307
2026-04-02,2081.062064787472
2026-04-03,2077.4561045976625
2026-04-04,2073.752550704203
2026-04-05,2069.951403107092
2026-04-06,2066.052661806331
2026-04-07,2062.056326801919
2026-04-08,2057.9623980938563
2026-04-09,2053.770875682143
2026-04-10,2049.4817595667787
2026-04-11,2045.0950497477643
2026-04-12,2040.6107462250993
2026-04-13,2036.0288489987834
2026-04-14,2031.3493580688169
2026-04-15,2026.5722734351998
2026-04-16,2021.697595097932
2026-04-17,2016.7253230570136
2026-04-18,2011.6554573124445
2026-04-19,2006.4879978642243
2026-04-20,2001.222944712354
2026-04-21,1995.8602978568333
2026-04-22,1990.400057297661
2026-04-23,1984.8422230348388
2026-04-24,1979.1867950683654
2026-04-25,1973.433773398242
2026-04-26,1967.5831580244676
2026-04-27,1961.6349489470426
2026-04-28,1955.5891461659667
2026-04-29,1949.4457496812402
2026-04-30,1943.204759492863
2026-05-01,1936.8661756008353
2026-05-02,1930.429998005157
2026-05-03,1923.896226705828
2026-05-04,1917.2648617028483
2026-05-05,1910.5359029962178
2026-05-06,1903.7093505859373
2026-05-07,1896.7852044720053
2026-05-08,1889.7634646544234
2026-05-09,1882.6441311331907
2026-05-10,1875.5870881327069
2026-05-11,1868.7522198773722
2026-05-12,1862.1395263671875
2026-05-13,1855.749007602152
2026-05-14,1849.5806635822655
2026-05-15,1843.634494307528
2026-05-16,1837.91049977794
2026-05-17,1832.408679993502
2026-05-18,1827.1290349542119
2026-05-19,1822.0715646600725
2026-05-20,1817.2362691110818
2026-05-21,1812.6231483072406
2026-05-22,1808.2322022485482
2026-05-23,1804.0634309350055
2026-05-24,1800.116834366612
2026-05-25,1796.53482008036
2026-05-26,1794.171833298203
2026-05-27,1793.1702815571339
2026-05-28,1793.530164857152
2026-05-29,1795.2514831982576
2026-05-30,1798.3342365804501
2026-05-31,1802.7784250037312
2026-06-01,1808.584048468099
2026-06-02,1815.751106973554
2026-06-03,1824.279600520097
2026-06-04,1834.1695291077272
2026-06-05,1845.420892736445
2026-06-06,1858.03369140625
2026-06-07,1872.0079251171428
2026-06-08,1885.5281982421875
2026-06-09,1896.7791151544488
2026-06-10,1904.9730668620873
2026-06-11,1905.3843994140625
2026-06-12,1897.2255038185344
2026-06-13,1880.496380075504
2026-06-14,1855.19702818497
2026-06-15,1824.9515069541844
2026-06-16,1811.5041692266557
2026-06-17,1818.4790738096358
2026-06-18,1845.876220703125
2026-06-19,1889.634033203125
2026-06-20,1925.3830510856524
2026-06-21,1949.0616976467081
2026-06-22,1960.6699728862939
2026-06-23,1960.2078768044084
2026-06-24,1949.2888123547245
2026-06-25,1937.5931972592703
2026-06-26,1926.7344344717164
2026-06-27,1916.7125239920645
2026-06-28,1907.5274658203125
2026-06-29,1901.6119384765625
2026-06-30,1910.4226684570312
2026-07-01,1917.5562665355146
2026-07-02,1919.8733880876287
2026-07-03,1917.3740331133727
2026-07-04,1910.0582016127473
2026-07-05,1901.3782719429992
2026-07-06,1894.7866224613756
2026-07-07,1890.2832531678755
2026-07-08,1887.8681640625
2026-07-09,1891.08056640625
2026-07-10,1916.4212646484373
2026-07-11,1939.022691349898
2026-07-12,1954.1503833939375
2026-07-13,1961.8043407805553
2026-07-14,1961.9845635097522
2026-07-15,1954.6910515815277
2026-07-16,1939.9238049958826
2026-07-17,1917.6828237528157
2026-07-18,1894.8598775654377
2026-07-19,1878.3467361468577
2026-07-20,1868.1433994970764
2026-07-21,1864.249867616094
2026-07-22,1866.6661405039101
2026-07-23,1875.3922181605244
2026-07-24,1890.4281005859373
2026-07-25,1908.77392578125
2026-07-26,1914.5906372070312
2026-07-27,1917.8390655881665
2026-07-28,1920.6793263786203
2026-07-29,1923.111419578392
2026-07-30,1925.135345187482
2026-07-31,1926.7511032058903
2026-08-01,1927.9586936336173
2026-08-02,1928.7581164706623
2026-08-03,1929.1493717170256
2026-08-04,1929.132459372707
2026-08-05,1928.7073794377065
2026-08-06,1927.8741319120252
2026-08-07,1926.6327167956615
2026-08-08,1924.9831340886162
2026-08-09,1922.925383790889
2026-08-10,1920.4594659024806
2026-08-11,1917.5853804233898
2026-08-12,1914.3031273536178
2026-08-13,1910.612706693164
2026-08-14,1906.5141184420286
2026-08-15,1902.007362600211
2026-08-16,1897.092439167712
2026-08-17,1891.7693481445312
2026-08-18,1891.7693481445312
2026-08-19,1891.7693481445312
2026-08-20,1891.7693481445312
2026-08-21,1891.7693481445312
2026-08-22,1891.7693481445312
2026-08-23,1891.7693481445312
