ID_Poligon,Type,Status_Split
Sawah_04,Sawah,Training
Sawah_05,Sawah,Training
Sawah_06,Sawah,Training
Sawah_07,Sawah,Training
Sawah_08,Sawah,Training
Sawah_09,Sawah,Training
Sawah_10,Sawah,Training
Sawah_11,Sawah,Training
Sawah_12,Sawah,Training
Sawah_13,Sawah,Training
Sawah_14,Sawah,Training
Sawah_15,Sawah,Training
Sawah_16,Sawah,Training
Sawah_18,Sawah,Training
Sawah_20,Sawah,Training
Sawah_21,Sawah,Training
Sawah_22,Sawah,Training
Sawah_24,Sawah,Training
Sawah_25,Sawah,Training
Sawah_27,Sawah,Training
Sawah_29,Sawah,Training
Sawah_30,Sawah,Training
Sawah_31,Sawah,Training
Sawah_34,Sawah,Training
Sawah_35,Sawah,Training
Sawah_36,Sawah,Training
Sawah_38,Sawah,Training
Sawah_39,Sawah,Training
Sawah_40,Sawah,Training
Sawah_41,Sawah,Training
Sawah_42,Sawah,Training
Sawah_43,Sawah,Training
Sawah_44,Sawah,Training
Sawah_47,Sawah,Training
Sawah_49,Sawah,Training
Pemukiman_01,Pemukiman,Training
Pemukiman_03,Pemukiman,Training
Pemukiman_04,Pemukiman,Training
Pemukiman_05,Pemukiman,Training
Pemukiman_08,Pemukiman,Training
Pemukiman_09,Pemukiman,Training
Pemukiman_10,Pemukiman,Training
Pemukiman_11,Pemukiman,Training
Pemukiman_12,Pemukiman,Training
Pemukiman_14,Pemukiman,Training
Pemukiman_16,Pemukiman,Training
Pemukiman_17,Pemukiman,Training
Pemukiman_18,Pemukiman,Training
Pemukiman_19,Pemukiman,Training
Pemukiman_21,Pemukiman,Training
Pemukiman_23,Pemukiman,Training
Pemukiman_24,Pemukiman,Training
Pemukiman_25,Pemukiman,Training
Pemukiman_26,Pemukiman,Training
Pemukiman_27,Pemukiman,Training
Pemukiman_31,Pemukiman,Training
Pemukiman_33,Pemukiman,Training
Pemukiman_34,Pemukiman,Training
Pemukiman_35,Pemukiman,Training
Pemukiman_37,Pemukiman,Training
Pemukiman_38,Pemukiman,Training
Pemukiman_40,Pemukiman,Training
Pemukiman_41,Pemukiman,Training
Pemukiman_44,Pemukiman,Training
Pemukiman_45,Pemukiman,Training
Pemukiman_46,Pemukiman,Training
Pemukiman_47,Pemukiman,Training
Pemukiman_48,Pemukiman,Training
Pemukiman_49,Pemukiman,Training
Pemukiman_50,Pemukiman,Training
Hutan_mangrove_01,Hutan mangrove,Training
Hutan_mangrove_03,Hutan mangrove,Training
Hutan_mangrove_05,Hutan mangrove,Training
Hutan_mangrove_10,Hutan mangrove,Training
Hutan_mangrove_11,Hutan mangrove,Training
Hutan_mangrove_12,Hutan mangrove,Training
Hutan_mangrove_13,Hutan mangrove,Training
Hutan_mangrove_15,Hutan mangrove,Training
Hutan_mangrove_16,Hutan mangrove,Training
Hutan_mangrove_18,Hutan mangrove,Training
Hutan_mangrove_19,Hutan mangrove,Training
Hutan_mangrove_21,Hutan mangrove,Training
Hutan_mangrove_22,Hutan mangrove,Training
Hutan_mangrove_23,Hutan mangrove,Training
Hutan_mangrove_24,Hutan mangrove,Training
Hutan_mangrove_25,Hutan mangrove,Training
Hutan_mangrove_27,Hutan mangrove,Training
Hutan_mangrove_29,Hutan mangrove,Training
Hutan_mangrove_30,Hutan mangrove,Training
Hutan_mangrove_31,Hutan mangrove,Training
Hutan_mangrove_32,Hutan mangrove,Training
Hutan_mangrove_33,Hutan mangrove,Training
Hutan_mangrove_34,Hutan mangrove,Training
Hutan_mangrove_37,Hutan mangrove,Training
Hutan_mangrove_38,Hutan mangrove,Training
Hutan_mangrove_39,Hutan mangrove,Training
Hutan_mangrove_40,Hutan mangrove,Training
Hutan_mangrove_41,Hutan mangrove,Training
Hutan_mangrove_42,Hutan mangrove,Training
Hutan_mangrove_43,Hutan mangrove,Training
Hutan_mangrove_45,Hutan mangrove,Training
Hutan_mangrove_46,Hutan mangrove,Training
Hutan_mangrove_47,Hutan mangrove,Training
Hutan_mangrove_49,Hutan mangrove,Training
Hutan_mangrove_50,Hutan mangrove,Training
Hutan_non_mangrove_01,Hutan non mangrove,Training
Hutan_non_mangrove_02,Hutan non mangrove,Training
Hutan_non_mangrove_03,Hutan non mangrove,Training
Hutan_non_mangrove_04,Hutan non mangrove,Training
Hutan_non_mangrove_06,Hutan non mangrove,Training
Hutan_non_mangrove_10,Hutan non mangrove,Training
Hutan_non_mangrove_11,Hutan non mangrove,Training
Hutan_non_mangrove_13,Hutan non mangrove,Training
Hutan_non_mangrove_14,Hutan non mangrove,Training
Hutan_non_mangrove_15,Hutan non mangrove,Training
Hutan_non_mangrove_16,Hutan non mangrove,Training
Hutan_non_mangrove_18,Hutan non mangrove,Training
Hutan_non_mangrove_19,Hutan non mangrove,Training
Hutan_non_mangrove_20,Hutan non mangrove,Training
Hutan_non_mangrove_21,Hutan non mangrove,Training
Hutan_non_mangrove_22,Hutan non mangrove,Training
Hutan_non_mangrove_23,Hutan non mangrove,Training
Hutan_non_mangrove_24,Hutan non mangrove,Training
Hutan_non_mangrove_25,Hutan non mangrove,Training
Hutan_non_mangrove_26,Hutan non mangrove,Training
Hutan_non_mangrove_27,Hutan non mangrove,Training
Hutan_non_mangrove_29,Hutan non mangrove,Training
Hutan_non_mangrove_30,Hutan non mangrove,Training
Hutan_non_mangrove_31,Hutan non mangrove,Training
Hutan_non_mangrove_32,Hutan non mangrove,Training
Hutan_non_mangrove_36,Hutan non mangrove,Training
Hutan_non_mangrove_37,Hutan non mangrove,Training
Hutan_non_mangrove_38,Hutan non mangrove,Training
Hutan_non_mangrove_40,Hutan non mangrove,Training
Hutan_non_mangrove_43,Hutan non mangrove,Training
Hutan_non_mangrove_44,Hutan non mangrove,Training
Hutan_non_mangrove_45,Hutan non mangrove,Training
Hutan_non_mangrove_46,Hutan non mangrove,Training
Hutan_non_mangrove_47,Hutan non mangrove,Training
Hutan_non_mangrove_50,Hutan non mangrove,Training
Air_01,Air,Training
Air_02,Air,Training
Air_04,Air,Training
Air_05,Air,Training
Air_06,Air,Training
Air_07,Air,Training
Air_09,Air,Training
Air_10,Air,Training
Air_12,Air,Training
Air_13,Air,Training
Air_14,Air,Training
Air_16,Air,Training
Air_17,Air,Training
Air_18,Air,Training
Air_20,Air,Training
Air_22,Air,Training
Air_25,Air,Training
Air_26,Air,Training
Air_27,Air,Training
Air_28,Air,Training
Air_30,Air,Training
Air_31,Air,Training
Air_32,Air,Training
Air_33,Air,Training
Air_34,Air,Training
Air_35,Air,Training
Air_37,Air,Training
Air_38,Air,Training
Air_40,Air,Training
Air_42,Air,Training
Air_45,Air,Training
Air_46,Air,Training
Air_47,Air,Training
Air_48,Air,Training
Air_49,Air,Training
