ID_Poligon,Type
Sawah_01,Sawah
Sawah_03,Sawah
Sawah_05,Sawah
Sawah_10,Sawah
Sawah_11,Sawah
Sawah_12,Sawah
Sawah_13,Sawah
Sawah_15,Sawah
Sawah_16,Sawah
Sawah_18,Sawah
Sawah_19,Sawah
Sawah_21,Sawah
Sawah_22,Sawah
Sawah_23,Sawah
Sawah_24,Sawah
Sawah_25,Sawah
Sawah_27,Sawah
Sawah_29,Sawah
Sawah_30,Sawah
Sawah_31,Sawah
Sawah_32,Sawah
Sawah_33,Sawah
Sawah_34,Sawah
Sawah_37,Sawah
Sawah_38,Sawah
Sawah_39,Sawah
Sawah_40,Sawah
Sawah_41,Sawah
Sawah_42,Sawah
Sawah_43,Sawah
Sawah_45,Sawah
Sawah_46,Sawah
Sawah_47,Sawah
Sawah_49,Sawah
Pemukiman_01,Pemukiman
Pemukiman_02,Pemukiman
Pemukiman_04,Pemukiman
Pemukiman_05,Pemukiman
Pemukiman_06,Pemukiman
Pemukiman_07,Pemukiman
Pemukiman_09,Pemukiman
Pemukiman_10,Pemukiman
Pemukiman_12,Pemukiman
Pemukiman_13,Pemukiman
Pemukiman_14,Pemukiman
Pemukiman_16,Pemukiman
Pemukiman_17,Pemukiman
Pemukiman_18,Pemukiman
Pemukiman_20,Pemukiman
Pemukiman_22,Pemukiman
Pemukiman_25,Pemukiman
Pemukiman_26,Pemukiman
Pemukiman_27,Pemukiman
Pemukiman_28,Pemukiman
Pemukiman_30,Pemukiman
Pemukiman_31,Pemukiman
Pemukiman_32,Pemukiman
Pemukiman_33,Pemukiman
Pemukiman_34,Pemukiman
Pemukiman_35,Pemukiman
Pemukiman_37,Pemukiman
Pemukiman_38,Pemukiman
Pemukiman_40,Pemukiman
Pemukiman_42,Pemukiman
Pemukiman_45,Pemukiman
Pemukiman_46,Pemukiman
Pemukiman_47,Pemukiman
Pemukiman_48,Pemukiman
Pemukiman_49,Pemukiman
Sawah_50,Sawah
