poligon_id,label,label_teks,n_piksel,lon_centroid,lat_centroid,B02,B03,B04,B08,B11,NDVI,NDWI,MNDWI,NDBI
Air_0000,4,Air,1908,111.21774702322568,-7.67764681758412,454.17452830188677,500.1802935010482,304.2992662473795,132.5524109014675,273.0141509433962,-0.4835676149113145,0.6425142415029899,0.3320906773880289,0.4229755559488795
Air_0001,4,Air,364,111.56286730252684,-7.410224119758466,596.2060439560439,857.4478021978022,564.9285714285714,463.18956043956047,479.5054945054945,-0.14473923717022025,0.35076374014128003,0.39795765787817994,-0.07745680603729142
Air_0002,4,Air,2000,112.42414819530956,-6.982205156683893,802.317,1172.03,904.4645,1332.251,795.8435,0.10043976369200396,0.024717247894988265,0.26427573204294674,-0.2523925957142192
Air_0003,4,Air,1028,112.55763869959905,-7.020851823474754,485.2003891050584,985.773346303502,616.5700389105058,1173.7120622568093,514.8463035019455,0.31075305112818363,-0.08580064720937775,0.33551110288906205,-0.4104939201969991
Air_0004,4,Air,115,112.56092040651949,-7.024494818659378,1297.1391304347826,1482.2347826086957,1599.017391304348,1887.5304347826086,2277.8608695652174,0.0830500695456117,-0.12034991761040006,-0.21276184423022648,0.09411561833611257
Air_0005,4,Air,109,112.5617820918371,-7.0248597732643585,1162.394495412844,1332.1284403669724,1446.8623853211009,1655.366972477064,2094.559633027523,0.06539686016745026,-0.10659332987123661,-0.22345714747791173,0.119350027480258
Air_0006,4,Air,119,112.56273692924297,-7.025213257690673,1291.6554621848738,1478.4117647058824,1567.3361344537816,1908.327731092437,2258.361344537815,0.09790810202518543,-0.12707732166177407,-0.21064381964606624,0.08529792814757545
Air_0007,4,Air,70,112.56383691633869,-7.026905050896467,1102.4571428571428,1290.4,1420.8142857142857,1718.3142857142857,2075.714285714286,0.09297566991293271,-0.13994715782569575,-0.23376315191272085,0.09616146774446709
Air_0008,4,Air,82,112.56291848202153,-7.026586233464477,1084.3170731707316,1269.1951219512196,1385.5,1787.0,1993.7439024390244,0.12380224400986889,-0.1662943755224084,-0.2222391200353547,0.05701273274434996
Air_0009,4,Air,73,112.5620303949295,-7.0261616839349905,859.3013698630137,1133.2876712328766,1007.5342465753424,1286.3150684931506,627.0410958904109,0.11917630717804496,-0.06084537679301174,0.3062295812261667,-0.36286744910212243
Air_0010,4,Air,198,112.55594059270068,-7.023456692662669,1187.9040404040404,1392.1666666666667,1524.3535353535353,1730.4141414141413,2125.308080808081,0.06260780789254815,-0.1082496691616048,-0.20965280284170068,0.10382984690575038
Air_0011,4,Air,29,112.55752675325353,-7.02609021674824,1114.1724137931035,1382.3793103448277,1562.2758620689656,1939.1724137931035,2334.689655172414,0.10636851771665543,-0.16632733770528257,-0.25503702414088575,0.09262988331212325
Air_0012,4,Air,935,112.5260841219595,-7.040864583182942,574.7946524064171,712.027807486631,601.7561497326203,498.42673796791445,571.1379679144385,-0.15278201971706698,0.23629528332374658,0.12326498286823953,0.11301053425853583
Air_0013,4,Air,762,112.45272122732871,-7.227916716110485,1144.1469816272966,1434.8280839895012,1375.0971128608924,2037.9475065616798,1858.4409448818897,0.19314706883857427,-0.1677147735297128,-0.05923102120534766,-0.1036030918927942
Air_0014,4,Air,48,112.4538362886621,-7.229438684834824,936.0625,1134.5,929.75,3222.5,2021.8333333333333,0.5516843901797472,-0.47854891266567456,-0.2768551953999922,-0.23102783588978704
Air_0015,4,Air,276,112.45994667416383,-7.213491570649846,1281.9166666666667,1566.6159420289855,1677.0652173913043,2526.8442028985505,3159.93115942029,0.1991725453311577,-0.2303314232102845,-0.336180037496333,0.11401767622057776
Air_0016,4,Air,153,112.4589768756596,-7.212697070190924,641.9411764705883,907.6209150326797,767.3071895424837,3473.7843137254904,2448.8627450980393,0.6363198020960356,-0.5850758219042335,-0.4581031788994771,-0.17297148625570138
Air_0017,4,Air,128,112.44979467373808,-7.21799608014587,1034.140625,1395.9375,1373.3984375,1368.8203125,1377.1484375,-0.030675068122005156,0.0387396336637372,0.05500515660158342,-0.019458523675725273
Air_0018,4,Air,149,112.44226353072175,-7.23612060797968,831.738255033557,1060.724832214765,973.4563758389262,1323.4697986577182,1365.6040268456377,0.1381624391507038,-0.08489534208802585,-0.0617164076782334,-0.021786534608069542
Air_0019,4,Air,285,112.43533163696041,-7.240397663406089,1134.8877192982457,1255.6105263157895,1382.6701754385965,1867.621052631579,2423.5263157894738,0.14689802885707318,-0.19433260215630285,-0.3207398321909908,0.13535728234079178
Air_0020,4,Air,290,112.43339777424886,-7.240423507171305,1190.951724137931,1269.7206896551725,1381.9551724137932,1846.6275862068965,2424.651724137931,0.14173847967504904,-0.18346192627268615,-0.31278193254874526,0.13718607354701176
Air_0021,4,Air,336,112.4287176439939,-7.2448023449187895,1191.1934523809523,1300.419642857143,1339.202380952381,2275.6339285714284,2782.779761904762,0.2515141315620395,-0.2651734694240491,-0.36094393314633844,0.10545725555407967
Air_0022,4,Air,144,112.4206796604874,-7.239203715802339,886.3333333333334,1132.0277777777778,911.7361111111111,1475.888888888889,933.3263888888889,0.22923034093480135,-0.12297232932138866,0.14651601259409067,-0.2641913117514594
Air_0023,4,Air,185,112.42003952329412,-7.238339959184782,914.3135135135135,1142.1135135135135,961.6540540540541,1765.7513513513513,1317.4432432432432,0.2846217991559589,-0.19790268324708699,0.031620603282050325,-0.22147316123187819
Air_0024,4,Air,678,112.42908480939812,-7.255532437186464,973.3495575221239,1232.55604719764,1229.4660766961651,3254.2005899705014,2606.3716814159293,0.4492056786617286,-0.4486915082013479,-0.35734867476869525,-0.10895505514758864
Air_0025,4,Air,990,112.44615954189746,-7.254532856953341,1108.7545454545455,1287.6343434343435,1335.4434343434343,2532.0454545454545,2516.0767676767678,0.30284717526116767,-0.31977311889647714,-0.32246198171186485,0.0017657779045176262
Air_0026,4,Air,1479,112.63399652815109,-7.156808792347673,308.7180527383367,432.0919540229885,265.05882352941177,258.76200135226503,337.6889790398918,-0.038524349985372866,0.2752068333439639,0.15502609415476423,0.126008802824329
Air_0027,4,Air,1752,112.62621083646481,-7.153293515664028,321.8921232876712,446.7482876712329,310.48116438356163,240.61415525114154,395.06107305936075,-0.1842507110603857,0.35535085767703695,0.10272133789850726,0.263839875523808
Air_0028,4,Air,170,112.59214708573593,-7.14865360755883,720.6882352941177,1059.1882352941177,890.6529411764706,1586.229411764706,1084.3588235294117,0.27399095045919714,-0.1903160547634248,0.033228588269495984,-0.22072123362787877
Air_0029,4,Air,2000,112.27198196595285,-7.206646699814192,878.9455,966.2635,768.925,671.8205,403.6415,-0.07768472680968429,0.19069158839455558,0.42396510550075633,-0.2563492955757055
Air_0030,4,Air,903,112.26689965792583,-7.203904150968441,816.2270210409745,908.8826135105205,717.3499446290144,579.1029900332226,352.76522702104097,-0.11652578735051883,0.23141191383771512,0.4479293296074241,-0.24118258757936945
Air_0031,4,Air,666,112.26427634886456,-7.206677206546139,960.8063063063063,1059.4954954954956,860.7882882882883,726.5855855855856,449.54804804804803,-0.08550392514884421,0.187609403227308,0.4072439804810174,-0.23815178285128966
Air_0032,4,Air,34,112.78336998868502,-7.269438507957919,379.47058823529414,650.7647058823529,401.61764705882354,291.97058823529414,443.02941176470586,-0.1827543954649423,0.39914764913413076,0.21764838692335675,0.19877242670157425
Air_0033,4,Air,36,112.78305025902768,-7.268838322578792,388.8888888888889,657.5555555555555,435.80555555555554,444.77777777777777,572.1111111111111,-0.0410747016183289,0.23615752906253892,0.10996297208519416,0.13081953736082308
Air_0034,4,Air,4000,112.48245598954081,-6.79763316390392,1088.6215,1133.29,787.49475,623.05625,724.0645,-0.1124771039255601,0.28616681870133526,0.216657901368036,0.0739405359089033
Air_0035,4,Air,6051,112.25133894923177,-6.764844451180402,998.5651958353991,925.8815071888944,652.4777722690465,569.8182118658073,639.5215666831929,-0.0668978715756618,0.23767859953015222,0.1820347856689681,0.05820926073389687
Air_0036,4,Air,204,112.59090917613553,-7.243821734409253,958.0490196078431,1160.3823529411766,1153.9950980392157,1539.612745098039,1914.921568627451,0.1417058167980608,-0.13938952021164405,-0.24077636287854978,0.10549418019864282
Air_0037,4,Air,328,112.60324168159578,-7.246424604950918,668.4420731707318,855.1310975609756,817.1371951219512,909.5701219512196,907.0274390243902,-0.0020672713180106637,0.03307856432887534,0.053468671887450504,-0.021410911460517906
Air_0038,4,Air,28,112.60786552154426,-7.275805937567896,363.39285714285717,443.25,370.32142857142856,538.2142857142857,845.3928571428571,0.15294813807592497,-0.061622626922648624,-0.28575304301382254,0.22716460862519608
Air_0039,4,Air,89,112.5325188983154,-6.908646707750223,1069.5168539325844,1245.2696629213483,1108.5056179775281,1172.0449438202247,1033.2696629213483,0.023041708467471753,0.03569490691240538,0.1050225154273799,-0.07018212501288593
Air_0040,4,Air,83,112.53291377939037,-6.907551055218153,869.0843373493976,1086.1686746987953,989.2650602409639,1184.2168674698796,1021.3012048192771,0.08817781796245475,-0.04436917837996615,0.08327509214136115,-0.12567728213185558
Air_0041,4,Air,321,112.60731143414431,-6.894598586048887,1063.214953271028,1285.4984423676012,953.3457943925233,573.6760124610591,517.2710280373832,-0.30291122388025643,0.4215563495404298,0.4332557986695822,-0.007904416637693923
Air_0042,4,Air,830,112.58164346045797,-6.922591401555638,699.7939759036144,869.3,669.066265060241,533.7746987951807,539.5024096385542,-0.1331534461663141,0.2622146030312622,0.24287321922398117,0.02059325275916941
Air_0043,4,Air,818,112.58142332718944,-6.929022773291638,621.2053789731051,773.3215158924205,601.6955990220049,456.4425427872861,447.7114914425428,-0.15160736687522394,0.27290387814764117,0.27552071802305844,-0.00114117555689454
Air_0044,4,Air,88,112.47790178579386,-6.977546116890803,870.125,1186.0795454545455,1063.5568181818182,2970.534090909091,2058.0113636363635,0.4631144917430868,-0.4183350688652865,-0.26141018523197695,-0.17839835000794022
Air_0045,4,Air,2000,112.62156543943713,-6.87649943314073,1347.5735,1611.6525,1459.874,811.6145,668.591,-0.2893920625461228,0.3358858379169784,0.4151151803592176,-0.09045200842533851
Air_0046,4,Air,2000,112.63310581089509,-6.890344838201005,1375.707,1649.285,1573.1205,913.8245,719.2285,-0.26813780678385035,0.2905169514202656,0.395472035206729,-0.11741917707387547
Air_0047,4,Air,2000,112.63818888418541,-6.9088312827688485,1350.565,1659.9225,1513.9025,831.386,628.565,-0.29180229066519336,0.3340251107007849,0.4513429564030161,-0.13776411372808478
Air_0048,4,Air,2000,112.63856476305162,-6.930744508135479,1335.9425,1568.285,1269.5955,710.121,620.2515,-0.2805784901132692,0.37721554603377355,0.4348482025671111,-0.0698311263026501
Air_0049,4,Air,2000,112.63979242121104,-6.952436195176288,1202.45,1459.551,1122.0975,615.111,501.2675,-0.2925668430283056,0.40809317032757236,0.48990807245364115,-0.10268798319558442
Hutan Mangrove_0000,5,Hutan Mangrove,411,113.51380414016943,-7.2439142391797136,323.76885644768856,569.3406326034063,387.2700729927007,2800.625304136253,1023.3990267639903,0.7473340474346128,-0.652467101858721,-0.29327456153020626,-0.4564255078025828
Hutan Mangrove_0001,5,Hutan Mangrove,456,113.52605762066895,-7.24332124417982,344.3486842105263,639.390350877193,504.2785087719298,2659.6973684210525,1096.5438596491229,0.6934254769321426,-0.6165893366836969,-0.2798427439000967,-0.4201104174922295
Hutan Mangrove_0002,5,Hutan Mangrove,72,113.51405829242836,-7.2419761095611825,332.875,596.8333333333334,395.4583333333333,2990.597222222222,959.1944444444445,0.7516234676490536,-0.653564977735746,-0.2394965091889033,-0.5029511384793951
Hutan Mangrove_0003,5,Hutan Mangrove,67,113.51514270483567,-7.241364344319321,273.2835820895522,528.7164179104477,303.82089552238807,3074.1492537313434,989.776119402985,0.8181503643864225,-0.7048852250645962,-0.3047021790163672,-0.510930002823246
Hutan Mangrove_0004,5,Hutan Mangrove,1402,112.83758829604805,-7.319772092878888,317.077032810271,673.5435092724679,396.3808844507846,3091.644793152639,1361.8830242510699,0.7659103606754624,-0.6368753378926274,-0.3337772169006088,-0.3865938214558189
Hutan Mangrove_0005,5,Hutan Mangrove,956,112.8371218765286,-7.332343415136436,387.8964435146444,773.8242677824268,460.5889121338912,3239.4717573221756,1395.2520920502093,0.7471462321416872,-0.6104410859829964,-0.2873710526946639,-0.3967102783656297
Hutan Mangrove_0006,5,Hutan Mangrove,334,112.84105120554216,-7.317565992068937,414.6047904191617,799.443113772455,555.3233532934132,2973.248502994012,1541.61377245509,0.6755788010942565,-0.5669260062642291,-0.31086960956681836,-0.3137567171731225
Hutan Mangrove_0007,5,Hutan Mangrove,40,112.83479388250377,-7.333602092957174,442.425,807.425,555.75,2438.075,997.2,0.6202293422049274,-0.49414667522926503,-0.09843993149403839,-0.418582277158481
Hutan Mangrove_0008,5,Hutan Mangrove,20,112.83585906231917,-7.334427283335955,543.6,842.35,666.3,1918.25,838.85,0.470819820431546,-0.3769357654133344,0.0039454364323997255,-0.38212829938901327
Hutan Mangrove_0009,5,Hutan Mangrove,1434,112.8382105245727,-7.343138998510933,431.04672245467225,782.6422594142259,510.08228730822873,3375.542538354254,1424.8179916317993,0.7140464923559904,-0.6013551447811468,-0.28228282156027185,-0.40292104734211076
Hutan Mangrove_0010,5,Hutan Mangrove,332,112.83513536734247,-7.343612019063425,328.6686746987952,701.7168674698795,371.47289156626505,3978.102409638554,1446.186746987952,0.8277644218245509,-0.6990227317744292,-0.3455027326042924,-0.46587954891477024
Hutan Mangrove_0011,5,Hutan Mangrove,115,112.83580630748939,-7.3446530231636,344.8695652173913,706.4521739130435,395.7304347826087,3686.573913043478,1421.1391304347826,0.8046737731592669,-0.677159840904731,-0.33580868646947454,-0.44227083985241517
Hutan Mangrove_0012,5,Hutan Mangrove,133,112.83529334686463,-7.345172406039064,327.8872180451128,702.4285714285714,376.23308270676694,3859.1052631578946,1473.96992481203,0.8221413367984508,-0.6918560991782798,-0.35416727043590196,-0.4471952343128455
Hutan Mangrove_0013,5,Hutan Mangrove,163,112.83506320082589,-7.346019749793678,336.46625766871165,707.9018404907976,381.66257668711654,3900.558282208589,1486.398773006135,0.8215971799596823,-0.6926441319262383,-0.3544438684704887,-0.4481314677446506
Hutan Mangrove_0014,5,Hutan Mangrove,121,112.83690150191774,-7.3434024211055435,340.94214876033055,705.4545454545455,400.4876033057851,3420.1735537190084,1456.6446280991736,0.7894194387885812,-0.6572073983341294,-0.3458072298721177,-0.40261909042459704
Hutan Mangrove_0015,5,Hutan Mangrove,71,112.83639410747845,-7.346034452963524,357.4507042253521,715.8028169014085,411.7887323943662,3574.0704225352115,1453.3521126760563,0.7906779415063625,-0.6636135432076102,-0.33878480359426333,-0.4207158918038025
Hutan Mangrove_0016,5,Hutan Mangrove,125,112.83743996506226,-7.346763102148002,469.464,811.032,553.776,3302.264,1448.744,0.7011925465892723,-0.5939106812997935,-0.28174666633859513,-0.38288150664835113
Hutan Mangrove_0017,5,Hutan Mangrove,505,112.83531678125817,-7.347358707402611,337.33861386138614,714.0653465346535,383.0851485148515,3916.3861386138615,1501.09900990099,0.8212779018349491,-0.6911217158361486,-0.35524523271787334,-0.4452952791291832
Hutan Mangrove_0018,5,Hutan Mangrove,128,112.83781132232009,-7.347731344933857,411.671875,787.8203125,492.1484375,3405.6328125,1477.6796875,0.737960302177248,-0.6158091217800417,-0.3034340200054744,-0.3892519046862844
Hutan Mangrove_0019,5,Hutan Mangrove,193,112.83721502806779,-7.348874215747582,358.95854922279796,742.5751295336787,427.05699481865287,3621.1347150259066,1508.3575129533679,0.7871719263624231,-0.6578883244781784,-0.33996150814597303,-0.41051852054943033
Hutan Mangrove_0020,5,Hutan Mangrove,354,112.83507206718514,-7.348680805870992,327.816384180791,716.8079096045198,375.61581920903956,4008.093220338983,1517.5649717514125,0.8284821383191795,-0.6964745530735839,-0.3582417675693526,-0.450629786916697
Hutan Mangrove_0021,5,Hutan Mangrove,490,112.83536344783597,-7.349828226726501,339.71632653061226,715.6979591836734,393.4632653061224,3834.0244897959183,1472.1020408163265,0.8076367949038681,-0.6798337185586717,-0.34502854258719756,-0.4413932084141635
Hutan Mangrove_0022,5,Hutan Mangrove,204,112.83499371069503,-7.35066777327442,318.02941176470586,703.4509803921569,374.45098039215685,3983.3627450980393,1499.813725490196,0.827852271141823,-0.6995245752546906,-0.36120509782888294,-0.4527356548600001
Hutan Mangrove_0023,5,Hutan Mangrove,363,112.83725321873762,-7.351223573317924,455.42424242424244,779.2341597796143,541.3168044077134,3079.7024793388427,1385.0661157024792,0.6674820826812167,-0.5647186741698338,-0.26518451332176896,-0.3752191413238267
Hutan Mangrove_0024,5,Hutan Mangrove,157,112.83489413226499,-7.351455123423092,316.88535031847135,688.5796178343949,369.02547770700636,3845.605095541401,1489.3312101910828,0.8245300875110984,-0.6959765248646504,-0.36747851955490296,-0.44134615536625654
Hutan Mangrove_0025,5,Hutan Mangrove,72,112.83635520070165,-7.352096989976082,324.77777777777777,647.8611111111111,395.875,3222.3888888888887,1443.3472222222222,0.7807163071693293,-0.6649938525754896,-0.38063009867965575,-0.38074123263740517
Hutan Mangrove_0026,5,Hutan Mangrove,105,112.83770464852914,-7.3532503967743095,718.0,977.9714285714285,878.7238095238096,2154.9333333333334,1132.352380952381,0.3710846493479222,-0.3254529460134457,-0.021702040934263964,-0.3336819644306184
Hutan Mangrove_0027,5,Hutan Mangrove,319,112.83630101836114,-7.353409908927928,343.141065830721,713.4639498432601,416.27899686520374,3462.824451410658,1463.4670846394984,0.7827826839684269,-0.6562303287025777,-0.34345020979128327,-0.40491269417046677
Hutan Mangrove_0028,5,Hutan Mangrove,1576,112.83357246380245,-7.353868076172923,320.74111675126903,687.600888324873,378.2747461928934,3752.0380710659897,1478.8223350253807,0.8149913657879865,-0.6887022663712622,-0.3646740242228253,-0.4332016360013922
Hutan Mangrove_0029,5,Hutan Mangrove,166,112.83580336590745,-7.35450024873933,318.3614457831325,712.5421686746988,379.3072289156627,3917.879518072289,1525.55421686747,0.8217129568749562,-0.6906694293414267,-0.3636820638213198,-0.4360959507565902
Hutan Mangrove_0030,5,Hutan Mangrove,75,112.83511945716614,-7.357002538947333,386.12,743.2533333333333,477.18666666666667,2937.1866666666665,1217.0,0.710621372929859,-0.5877343780166148,-0.23985793515970652,-0.4076776230929718
Hutan Mangrove_0031,5,Hutan Mangrove,135,112.83527083923943,-7.3563921999678055,354.53333333333336,708.8740740740741,426.3925925925926,3354.3185185185184,1392.1851851851852,0.7682161169133095,-0.6457941930641004,-0.3227189155612482,-0.4106965021500447
Hutan Mangrove_0032,5,Hutan Mangrove,111,112.83525543477245,-7.355498160336979,307.1081081081081,661.8738738738739,370.6306306306306,3510.738738738739,1469.1531531531532,0.807365276535922,-0.6813897421187936,-0.37901017312256996,-0.40776570835394765
Hutan Mangrove_0033,5,Hutan Mangrove,26,112.83637455849852,-7.35741756187872,565.3076923076923,915.8846153846154,689.1538461538462,2212.0384615384614,705.2307692307693,0.4970557984816041,-0.3888033118814675,0.1435391705765704,-0.5123008183613937
Hutan Mangrove_0034,5,Hutan Mangrove,132,112.83187425456515,-7.35568025177432,355.93939393939394,742.2348484848485,399.68939393939394,3994.0454545454545,1414.6969696969697,0.815195787335328,-0.683825443676928,-0.310135897446713,-0.47527183337591183
Hutan Mangrove_0035,5,Hutan Mangrove,255,112.83222163289228,-7.356774644167772,370.321568627451,758.1333333333333,407.40784313725493,4072.41568627451,1383.9450980392157,0.8100085826166468,-0.6789197243475628,-0.2890233214088974,-0.4890227999045278
Hutan Mangrove_0036,5,Hutan Mangrove,138,112.83330430784831,-7.357348088966485,390.9710144927536,774.7391304347826,446.07971014492756,3811.789855072464,1333.804347826087,0.7771472089674382,-0.6502116452170976,-0.25910013478776406,-0.47723500643874983
Hutan Mangrove_0037,5,Hutan Mangrove,199,112.83489188553199,-7.357864518528534,342.1758793969849,699.6532663316583,411.2361809045226,3380.829145728643,1356.6331658291458,0.7798284345194044,-0.6541823836652675,-0.31762413749781365,-0.4259595349103114
Hutan Mangrove_0038,5,Hutan Mangrove,128,112.83486072255305,-7.377085286270595,336.78125,699.9921875,364.8828125,4103.4921875,1494.203125,0.8366819816330577,-0.7086284249162192,-0.36262296244766806,-0.46556638968587566
Hutan Mangrove_0039,5,Hutan Mangrove,2000,112.8331493880145,-7.386625716484738,349.6015,676.147,404.4445,3213.3945,1395.853,0.7665995661385703,-0.6433397051802062,-0.341626316141378,-0.3929760501340663
Hutan Mangrove_0040,5,Hutan Mangrove,89,112.69580042901792,-7.139712244289864,142.5056179775281,416.13483146067415,201.75280898876406,2773.629213483146,797.0224719101124,0.8542077621607564,-0.729892215488009,-0.3099092250564967,-0.5519219036090963
Hutan Mangrove_0041,5,Hutan Mangrove,62,112.69716842122158,-7.14108465861236,295.69354838709677,688.1774193548387,440.19354838709677,2650.9032258064517,1259.016129032258,0.7053751489907213,-0.5812496306182525,-0.2929965912138977,-0.34886014160384915
Hutan Mangrove_0042,5,Hutan Mangrove,217,112.69481484497832,-7.1429850577925675,116.85714285714286,398.073732718894,180.02764976958525,2783.516129032258,853.2811059907834,0.8729810208239044,-0.7449231098180183,-0.36991141074785916,-0.5269886905035335
Hutan Mangrove_0043,5,Hutan Mangrove,274,112.69435777977812,-7.1438662606339545,117.77007299270073,434.45255474452557,181.9160583941606,3029.3284671532847,909.8357664233577,0.8782672774392419,-0.7416844619184223,-0.35397242808917745,-0.5352662568500368
Hutan Mangrove_0044,5,Hutan Mangrove,133,112.69384673015894,-7.144749084701599,75.6015037593985,366.70676691729324,130.71428571428572,3041.1052631578946,875.6165413533835,0.9181373311907334,-0.7863173741831118,-0.41663164032023264,-0.5534302209498054
Hutan Mangrove_0045,5,Hutan Mangrove,146,112.69331111944253,-7.145889224990591,78.71917808219177,369.3150684931507,139.95205479452054,2985.0479452054797,859.068493150685,0.9075257150113195,-0.7774600365884052,-0.4043119725905956,-0.5511135132388906
Hutan Mangrove_0046,5,Hutan Mangrove,405,112.69263868135756,-7.148436956132299,119.09382716049383,447.4148148148148,182.67407407407407,3124.3333333333335,991.720987654321,0.8863094923295542,-0.7467470186362116,-0.3799584219158071,-0.5173944062913804
Hutan Mangrove_0047,5,Hutan Mangrove,335,112.69424814055078,-7.149556401083083,169.24477611940299,604.9820895522388,258.3313432835821,3279.402985074627,1251.868656716418,0.8536460272176982,-0.6884599133763782,-0.34838820584657526,-0.4475527990909746
Hutan Mangrove_0048,5,Hutan Mangrove,273,112.69530678370744,-7.141720237606108,84.46520146520146,348.1208791208791,135.5970695970696,3011.102564102564,789.6813186813187,0.9111787365868809,-0.7906579006523741,-0.3938356301050846,-0.5828788337556807
Hutan Mangrove_0049,5,Hutan Mangrove,258,112.69242345476074,-7.150502858433672,175.86821705426357,574.1356589147287,277.3410852713178,3128.3875968992247,1081.1279069767443,0.8306849107759783,-0.6848864095318216,-0.30656057183605195,-0.483968436932319
Hutan Non-Mangrove_0000,3,Hutan Non-Mangrove,2000,112.46142971597106,-7.897202657910268,320.4245,553.7215,339.889,3228.143,1607.642,0.8060718011137169,-0.7065498130050331,-0.4922168811923018,-0.3291470125050376
Hutan Non-Mangrove_0001,3,Hutan Non-Mangrove,2000,112.46918635317222,-7.895930065440819,255.515,461.186,278.202,2912.3665,1536.2095,0.8248293361811873,-0.7263318667538106,-0.5402785456667354,-0.3071072211923154
Hutan Non-Mangrove_0002,3,Hutan Non-Mangrove,2000,112.43766020012302,-7.895109241985236,883.0855,1009.241,880.7775,2745.5905,2026.11,0.5354599809638215,-0.49033470982838373,-0.3720235882906211,-0.1473522258429576
Hutan Non-Mangrove_0003,3,Hutan Non-Mangrove,2000,112.46543360829955,-7.915384684277065,321.0165,520.798,392.9725,2772.714,1642.124,0.7431436425525149,-0.6769027097540097,-0.520054238682073,-0.2487599732748121
Hutan Non-Mangrove_0004,3,Hutan Non-Mangrove,2000,112.47905783194952,-7.899477254820775,264.8205,476.425,331.943,2779.7785,1588.8855,0.7866798440358614,-0.7065743174390986,-0.5423941743779622,-0.2706552964479321
Hutan Non-Mangrove_0005,3,Hutan Non-Mangrove,2000,112.4915595374411,-7.89939408142228,299.6095,560.5425,368.4215,3208.27,1791.595,0.7900378096629214,-0.700656351037675,-0.5269635732731986,-0.2787300419004809
Hutan Non-Mangrove_0006,3,Hutan Non-Mangrove,2000,112.47816160628358,-7.916708668794516,295.258,526.149,348.4685,2891.4705,1575.242,0.7779107124460038,-0.6868332084826814,-0.5010386197000035,-0.2882418488944057
Hutan Non-Mangrove_0007,3,Hutan Non-Mangrove,2000,112.49205531766675,-7.91617591585519,272.672,491.6785,319.1015,2962.4075,1603.146,0.8005530381979549,-0.7122061652556536,-0.5327585544411012,-0.2910719160058563
Hutan Non-Mangrove_0008,3,Hutan Non-Mangrove,2000,112.46518589920396,-7.938975836272115,479.0095,600.189,625.5405,1901.894,1703.5555,0.46926826811395805,-0.48964786443165037,-0.48093347207882176,-0.021975009377229012
Hutan Non-Mangrove_0009,3,Hutan Non-Mangrove,2000,112.4803410301082,-7.937402978179276,421.455,605.3,545.375,2385.1225,1695.322,0.6107703232471182,-0.5806879716203496,-0.4749554202660598,-0.15586615470273918
Hutan Non-Mangrove_0010,3,Hutan Non-Mangrove,2000,112.49488816659127,-7.935520425643262,284.827,519.7875,309.38,3116.038,1606.164,0.816695480615786,-0.7126421207943212,-0.5126385279499718,-0.3153414289071065
Hutan Non-Mangrove_0011,3,Hutan Non-Mangrove,2000,112.50345724876213,-7.916361053255335,276.1975,518.2145,292.1475,3422.984,1605.738,0.8418557412746638,-0.7369528437696238,-0.5137624404519645,-0.3589261676921542
Hutan Non-Mangrove_0012,3,Hutan Non-Mangrove,2000,112.50669348055217,-7.934067995439413,301.2605,552.284,363.2225,3297.5565,1728.981,0.7911491031971373,-0.7043650876234154,-0.5142415123553389,-0.3026704935390798
Hutan Non-Mangrove_0013,3,Hutan Non-Mangrove,2000,112.41414285270234,-7.916200530460053,610.872,705.823,520.2745,3169.614,1818.4725,0.72834892798761,-0.6488011350167333,-0.46540048691246777,-0.2682553633090905
Hutan Non-Mangrove_0014,3,Hutan Non-Mangrove,2000,112.43075635903897,-7.917945406382219,1486.938,1559.4415,1299.7955,3371.1275,2237.2805,0.5418476805894121,-0.4481061220364977,-0.2688859238850422,-0.22536803041353964
Hutan Non-Mangrove_0015,3,Hutan Non-Mangrove,2000,112.41431498986132,-7.928741245766699,337.2365,488.599,328.5105,3097.03,1665.1815,0.8095680743558902,-0.7290897306331114,-0.554816115317613,-0.2968014017153954
Hutan Non-Mangrove_0016,3,Hutan Non-Mangrove,2000,112.42916434721408,-7.929181102245599,1381.199,1440.2895,1302.391,3313.913,2507.9505,0.5628247712174413,-0.511074248025291,-0.4004672431017656,-0.15311489461344072
Hutan Non-Mangrove_0017,3,Hutan Non-Mangrove,2000,112.43200084694726,-7.939828307747103,1231.345,1303.291,1185.6575,3231.7105,2235.2615,0.6434091172064215,-0.5869604221692021,-0.45219076942920833,-0.22064977068952882
Hutan Non-Mangrove_0018,3,Hutan Non-Mangrove,2000,112.4416997322619,-7.9366820466535835,1794.914,1875.3545,1702.0005,3788.3185,2692.9875,0.4934648827902058,-0.4370208989262738,-0.2964666802480657,-0.1797145121266997
Hutan Non-Mangrove_0019,3,Hutan Non-Mangrove,2000,112.48155324762686,-7.869232930617648,317.828,516.5855,423.171,2560.8225,1698.4355,0.7203947976748613,-0.6652125754562647,-0.534031472096183,-0.20486320963775162
Hutan Non-Mangrove_0020,3,Hutan Non-Mangrove,2000,112.49269352516902,-7.85876696665876,342.905,552.0935,455.7035,2296.346,1767.176,0.6695225708343032,-0.6094939576534549,-0.5231146273598244,-0.12810868500966413
Hutan Non-Mangrove_0021,3,Hutan Non-Mangrove,1071,112.49840796896247,-7.851982520926315,363.9878618113912,584.9140989729225,523.1661998132587,2247.832866479925,1861.7320261437908,0.6262644024129321,-0.5878936623904376,-0.5236232864167971,-0.09342650710753976
Hutan Non-Mangrove_0022,3,Hutan Non-Mangrove,2000,112.50227941865842,-7.85308619317857,353.181,563.313,454.7505,2594.194,1871.8225,0.695472023980099,-0.6363626049059931,-0.5351280901541413,-0.15663822696680174
Hutan Non-Mangrove_0023,3,Hutan Non-Mangrove,2000,112.50810617967717,-7.854674320533676,343.732,550.739,423.3455,2436.465,1734.76,0.7013546964851654,-0.6275899082366253,-0.5156101461827879,-0.16454190786376788
Hutan Non-Mangrove_0024,3,Hutan Non-Mangrove,2096,112.48732178727109,-7.805977909606912,541.9985687022901,833.863072519084,894.5806297709923,2716.453721374046,2304.6612595419847,0.5074048955784464,-0.5278847003742904,-0.47660840361322987,-0.07683281413459403
Hutan Non-Mangrove_0025,3,Hutan Non-Mangrove,2000,112.48785963992985,-7.7773653756618595,292.098,515.007,311.045,3101.1365,1734.735,0.8153178004798529,-0.7137267867757032,-0.5443899510844031,-0.27754740593205246
Hutan Non-Mangrove_0026,3,Hutan Non-Mangrove,2000,112.51198579264016,-7.759944928177115,303.042,514.485,319.886,3025.06,1681.5505,0.8105855653727945,-0.7110849022862363,-0.5374678451426814,-0.28277332826928175
Hutan Non-Mangrove_0027,3,Hutan Non-Mangrove,2000,112.4661015265964,-7.750234295372881,390.4085,538.2145,349.9635,2712.0215,1492.4165,0.7742198593572472,-0.6711814414081128,-0.477884101704213,-0.2852311421671536
Hutan Non-Mangrove_0028,3,Hutan Non-Mangrove,2000,112.48851192292956,-7.746847519656229,330.6965,503.1855,320.187,2703.725,1499.5215,0.7833652735516774,-0.6824229983089428,-0.49787703936203853,-0.27975761246205916
Hutan Non-Mangrove_0029,3,Hutan Non-Mangrove,4000,112.40024465339263,-7.8437004980796425,768.33275,876.367,692.7915,2868.07925,1923.17,0.616427735770174,-0.5400332174934317,-0.3866556958749936,-0.1940929171894509
Hutan Non-Mangrove_0030,3,Hutan Non-Mangrove,2000,112.41965363580195,-7.840883016535879,1164.056,1245.64,956.097,3113.1895,1922.6845,0.5477636087960899,-0.44896708562924836,-0.24887236615866787,-0.23137450013695746
Hutan Non-Mangrove_0031,3,Hutan Non-Mangrove,2000,112.42299201408338,-7.854920998295631,525.882,687.3235,550.767,2879.93,1884.803,0.6839037448708462,-0.6214631612036398,-0.4784778265076805,-0.20567136457782864
Hutan Non-Mangrove_0032,3,Hutan Non-Mangrove,4000,112.40102992571803,-7.863439355967345,603.30825,725.096,538.217,2903.011,1815.0005,0.6879544342912488,-0.602811077551928,-0.43862449764908445,-0.22630627166517786
Hutan Non-Mangrove_0033,3,Hutan Non-Mangrove,2000,112.43545722152481,-7.9531031054288785,219.769,412.111,241.8965,3083.035,1616.479,0.8559199230163594,-0.7676005742989196,-0.6018919547942331,-0.3057926606043508
Hutan Non-Mangrove_0034,3,Hutan Non-Mangrove,2000,112.44801881274535,-7.9525941108758085,436.45,660.9645,493.548,3173.688,2009.5505,0.7370932579618416,-0.6583118398776558,-0.5117520240491737,-0.22523204505492975
Hutan Non-Mangrove_0035,3,Hutan Non-Mangrove,2000,112.44049848241073,-7.964012575106303,286.3875,487.163,279.976,3314.373,1732.3395,0.8445948258140046,-0.7445596992036818,-0.5664936013324184,-0.3098552111401054
Hutan Non-Mangrove_0036,3,Hutan Non-Mangrove,2000,112.4494588849695,-7.964243331357416,510.2405,733.6395,535.6025,3444.8425,2115.637,0.7375119068421467,-0.6526003710540407,-0.49177245783892115,-0.24089709284011865
Hutan Non-Mangrove_0037,3,Hutan Non-Mangrove,2000,112.46567685802107,-7.980704174100461,430.6525,631.75,429.475,3343.9415,1905.406,0.7686963736041907,-0.6802190589936108,-0.506039343077637,-0.26889413983525295
Hutan Non-Mangrove_0038,3,Hutan Non-Mangrove,2000,112.49375723514636,-7.982537890388561,315.4625,523.211,296.026,3331.4535,1672.1475,0.8359257941853004,-0.7281165777659486,-0.5241721699925247,-0.32964391454521286
Hutan Non-Mangrove_0039,3,Hutan Non-Mangrove,2000,112.30052642407179,-7.900877343697632,480.135,627.0825,455.5965,3115.796,1738.0825,0.7455681045036125,-0.665146463531792,-0.47283441644233143,-0.282431756713585
Hutan Non-Mangrove_0040,3,Hutan Non-Mangrove,2000,112.33694035268749,-7.917097197831111,433.5325,595.574,397.8645,3259.8755,1696.1975,0.7797224277716425,-0.6889819468631044,-0.4807941480217618,-0.312866372884984
Hutan Non-Mangrove_0041,3,Hutan Non-Mangrove,2000,112.32527028845686,-7.945820998050343,663.2325,857.32,640.385,3393.176,2133.299,0.7206614646447442,-0.6302732552413911,-0.48042583131132705,-0.22911478567795152
Hutan Non-Mangrove_0042,3,Hutan Non-Mangrove,2000,112.27071089709496,-7.925033808208506,391.2755,558.0225,382.7835,3073.217,1729.465,0.7771051762738106,-0.691684426769889,-0.5172632449334573,-0.2751398448165042
Hutan Non-Mangrove_0043,3,Hutan Non-Mangrove,2000,112.28672167085047,-7.940165671764759,437.0425,620.883,492.6925,2847.4965,2031.6025,0.7026415969054632,-0.6402284135758036,-0.5397035533792056,-0.1615634528386079
Hutan Non-Mangrove_0044,3,Hutan Non-Mangrove,2000,111.93871111968582,-8.188369202911352,866.9405,1031.246,1210.5695,2119.1405,2926.547,0.27045543666047483,-0.3452445387630184,-0.48166841009139716,0.16355168905886971
Hutan Non-Mangrove_0045,3,Hutan Non-Mangrove,4000,111.79418532323055,-7.868183671412384,338.4615,536.4615,364.657,3142.1225,1732.3155,0.798440001091898,-0.7130266212571454,-0.5418963224313607,-0.2866907159022504
Hutan Non-Mangrove_0046,3,Hutan Non-Mangrove,8000,111.78573880971025,-7.801079182452094,405.41725,595.749,497.7325,2853.219,1836.789375,0.6914044919380073,-0.6448190143870863,-0.5223094330450553,-0.2000121288706877
Hutan Non-Mangrove_0047,3,Hutan Non-Mangrove,4000,111.67533043776757,-7.789190981239217,388.96125,569.3005,391.44525,3091.502,1786.382,0.7733286603818316,-0.6867689190824705,-0.519464322906133,-0.26326635417310545
Hutan Non-Mangrove_0048,3,Hutan Non-Mangrove,2000,111.72504557037831,-7.837473798746037,392.329,556.948,370.9085,3180.949,1676.8805,0.7877714285456618,-0.6990055962568605,-0.5043717169582,-0.30211245308726814
Hutan Non-Mangrove_0049,3,Hutan Non-Mangrove,2000,111.22465001731842,-7.632728252033623,292.2165,497.418,347.378,3031.6275,1655.849,0.7888249381092078,-0.7133271655918391,-0.5391809249370623,-0.2873192754174114
Pemukiman_0000,2,Pemukiman,12,112.56087488944327,-7.061639638933994,1191.3333333333333,1457.5833333333333,1909.0,2443.0833333333335,3171.1666666666665,0.12786226532422745,-0.26375360181535956,-0.3794894721668947,0.1300040692185501
Pemukiman_0001,2,Pemukiman,328,112.56172521944526,-7.0607031191821354,900.5548780487804,1117.6128048780488,1440.439024390244,1912.6067073170732,2798.1006097560976,0.14807839364159547,-0.27272475983217964,-0.43476482812990846,0.18730130366644285
Pemukiman_0002,2,Pemukiman,74,112.56080612721605,-7.059250487452069,983.2432432432432,1259.9054054054054,1507.1486486486488,2366.5810810810813,2802.864864864865,0.22502066982906077,-0.3071718690866943,-0.387398448916795,0.08888259582988685
Pemukiman_0003,2,Pemukiman,66,112.55988420136238,-7.059038390776849,891.5454545454545,1118.7121212121212,1409.1969696969697,2082.181818181818,2845.6363636363635,0.1959329735986217,-0.30579832574120236,-0.44177498600193543,0.15824270032102167
Pemukiman_0004,2,Pemukiman,8,112.55960997921503,-7.0578308779770715,945.75,1164.125,1269.125,2228.375,2547.25,0.2758634977408702,-0.3194442188770791,-0.37929442637180333,0.06960536811790616
Pemukiman_0005,2,Pemukiman,7,112.55974499505803,-7.057604359979659,829.5714285714286,1056.5714285714287,1175.142857142857,2126.8571428571427,2449.4285714285716,0.2960900119066369,-0.3506284056178582,-0.40865735836157197,0.07022261195394726
Pemukiman_0006,2,Pemukiman,2,112.56001729798444,-7.057829516504027,1504.0,1762.5,2028.0,3264.5,2378.0,0.2347237143160124,-0.2985421340360136,-0.1486536950109354,-0.1568747196727624
Pemukiman_0007,2,Pemukiman,11,112.56180013319812,-7.059447121743958,856.5454545454545,1157.090909090909,1608.090909090909,2059.5454545454545,2624.5454545454545,0.12565901180619143,-0.2852749387788942,-0.3892895365661882,0.11971809785341528
Pemukiman_0008,2,Pemukiman,16,112.56218470052309,-7.059715572584087,535.8125,773.375,1178.125,1809.5,2643.75,0.21310651286395618,-0.4023715842054592,-0.5493050382865889,0.18878226544232787
Pemukiman_0009,2,Pemukiman,5,112.56264876334546,-7.0597648834202715,403.2,841.8,1503.8,2519.4,2595.8,0.2577890902776822,-0.49890497228225666,-0.5094425519347208,0.014130286106019819
Pemukiman_0010,2,Pemukiman,18,112.56320263906684,-7.059979046801475,891.3888888888889,1123.6666666666667,1439.7222222222222,2006.8333333333333,2466.277777777778,0.1667795471614587,-0.2860478079339543,-0.3762173163004855,0.1010931369492536
Pemukiman_0011,2,Pemukiman,146,112.566364399118,-7.061274807208197,943.6917808219179,1196.7191780821918,1384.972602739726,1988.7260273972602,2568.7602739726026,0.18442178907580437,-0.25533293831337955,-0.3665183319159907,0.12336978723863165
Pemukiman_0012,2,Pemukiman,37,112.57010992276824,-7.064019193362443,942.0540540540541,1173.972972972973,1366.6756756756756,2136.162162162162,2724.027027027027,0.22215844997054573,-0.29437282706284146,-0.39815392971054203,0.11840129424164099
Pemukiman_0013,2,Pemukiman,966,112.57868415563846,-7.054917385602942,968.5051759834369,1183.6635610766045,1336.7670807453417,2192.70082815735,2685.1635610766048,0.2506589235134157,-0.30721093737220084,-0.40085817627009024,0.10417838657096516
Pemukiman_0014,2,Pemukiman,659,112.57412783339872,-7.053337186404601,1089.3611532625189,1305.2200303490138,1599.701062215478,2127.9104704097117,2832.6919575113807,0.15000254054184556,-0.24693097083688248,-0.37969502441589903,0.14580806999662485
Pemukiman_0015,2,Pemukiman,410,112.57654921999315,-7.049007266453034,1123.8853658536586,1342.2536585365854,1548.8634146341462,2211.9219512195123,2754.6585365853657,0.18997408673599864,-0.25839900443521574,-0.3582832218803006,0.11015874503729889
Pemukiman_0016,2,Pemukiman,301,112.578502721878,-7.0501158486795505,1071.9867109634552,1255.328903654485,1449.5315614617941,2163.1993355481727,2791.770764119601,0.20555151014500153,-0.2760442433914371,-0.3901069111051999,0.12791551590701203
Pemukiman_0017,2,Pemukiman,319,112.57849757423031,-7.052048852920278,963.9404388714734,1183.4388714733543,1396.0188087774295,2289.043887147335,2781.924764890282,0.2516676361190194,-0.32811585644884905,-0.4131472665614866,0.09815512336531643
Pemukiman_0018,2,Pemukiman,499,112.58545307747463,-7.055575478949223,1091.3547094188377,1274.5771543086173,1484.428857715431,2068.935871743487,2892.2084168336673,0.16842105511807248,-0.24229651189738166,-0.39527100822012023,0.1694016989511905
Pemukiman_0019,2,Pemukiman,207,112.58336115819563,-7.05627634370477,994.6376811594203,1218.0144927536232,1348.3961352657004,2347.236714975845,2742.9323671497586,0.26999957940585323,-0.3149573005059448,-0.3918262125232648,0.08241377278162076
Pemukiman_0020,2,Pemukiman,129,112.58593857873102,-7.054354686895446,1103.860465116279,1274.5038759689924,1451.6201550387598,2052.170542635659,2858.6976744186045,0.17489025952714776,-0.23754750721039355,-0.3884680559898649,0.166569631652739
Pemukiman_0021,2,Pemukiman,159,112.58251649462989,-7.053819102127197,962.9182389937107,1199.4528301886792,1314.4842767295597,2456.0251572327043,2576.867924528302,0.3158778694448736,-0.35336404929053566,-0.37745782119374593,0.024192239791311066
Pemukiman_0022,2,Pemukiman,73,112.58269151756956,-7.054730097207531,1026.945205479452,1237.3561643835617,1419.86301369863,2244.3561643835615,2846.698630136986,0.22756908794366362,-0.2939413559233617,-0.4042758680233226,0.12412493703959836
Pemukiman_0023,2,Pemukiman,142,112.57155776570816,-7.049604674259389,1613.9929577464789,1817.6690140845071,1994.5492957746478,2266.9014084507044,2992.1267605633802,0.06672081251977056,-0.11310722839286419,-0.24803989523926406,0.13934415441547232
Pemukiman_0024,2,Pemukiman,183,112.57308730241867,-7.050236045086427,1501.3715846994535,1738.0218579234972,2013.688524590164,2524.3606557377047,3127.415300546448,0.12455359683942724,-0.20152403080376824,-0.30197340717927695,0.10787633810310622
Pemukiman_0025,2,Pemukiman,117,112.57341119283342,-7.051369316728087,1452.3504273504273,1594.076923076923,1767.8034188034187,1961.965811965812,2749.051282051282,0.05471212523411924,-0.10638104026312588,-0.26985671219662477,0.16877227362458927
Pemukiman_0026,2,Pemukiman,94,112.57410395697272,-7.052374923310517,1179.212765957447,1349.468085106383,1615.2340425531916,2053.436170212766,2717.627659574468,0.12675899952281067,-0.21526053724010408,-0.3455644109499549,0.14040335288849645
Pemukiman_0027,2,Pemukiman,169,112.55997477870518,-7.0508884726549095,924.4142011834319,1169.4201183431953,1388.6686390532545,2353.639053254438,2802.284023668639,0.26356856790958016,-0.3436396585859578,-0.4232992119342369,0.09128728644917185
Pemukiman_0028,2,Pemukiman,57,112.55972484490755,-7.050160880790556,915.0877192982456,1157.0,1228.140350877193,2473.6140350877195,2628.0526315789475,0.3480372471963125,-0.3726275413008878,-0.4056399766731715,0.03391556556783442
Pemukiman_0029,2,Pemukiman,21,112.56087866340224,-7.04990138490815,858.5238095238095,1127.3333333333333,1406.095238095238,2175.0,2510.8571428571427,0.21983786709678546,-0.31767580528762857,-0.38432061165675063,0.07459693323687765
Pemukiman_0030,2,Pemukiman,182,112.56187731659352,-7.049804639268747,983.3406593406594,1186.4945054945056,1371.9395604395604,2052.6923076923076,2649.956043956044,0.20166551346760966,-0.27284306478448844,-0.39331887345357525,0.1312334997568861
Pemukiman_0031,2,Pemukiman,78,112.56198718607065,-7.04900053482371,1184.1923076923076,1375.2435897435898,1616.4102564102564,1912.5,2884.653846153846,0.08929142290491224,-0.17410157580572447,-0.3653082485702397,0.20769018773145773
Pemukiman_0032,2,Pemukiman,142,112.56303297654976,-7.050025546167333,1020.6901408450705,1238.4647887323943,1432.3591549295775,2341.56338028169,2839.2042253521126,0.2617210892125671,-0.32564636283051884,-0.41615232042423567,0.09533890947609898
Pemukiman_0033,2,Pemukiman,202,112.55235639010252,-7.045668902176023,1266.3267326732673,1470.7673267326732,1658.8762376237623,2205.8465346534654,2963.3267326732675,0.14932705866161755,-0.20830832528341625,-0.3426836767109098,0.14625225349736112
Pemukiman_0034,2,Pemukiman,103,112.55252150460511,-7.0450125601276925,1102.1844660194174,1321.5242718446602,1549.2233009708739,2027.631067961165,2937.5631067961167,0.13677788053237694,-0.21424183011753417,-0.38174171005861257,0.1836887204897938
Pemukiman_0035,2,Pemukiman,89,112.55428418961282,-7.045610019750003,1106.0898876404494,1315.8539325842696,1446.2359550561798,2134.7640449438204,2728.14606741573,0.19698606023225293,-0.24219348724802287,-0.355876941167522,0.12424183393760138
Pemukiman_0036,2,Pemukiman,78,112.55413751911226,-7.04608783472921,1083.2179487179487,1328.7307692307693,1483.1025641025642,2411.525641025641,2818.5641025641025,0.24845258627410088,-0.2977059263431274,-0.36825756711126406,0.07832440462836178
Pemukiman_0037,2,Pemukiman,22,112.55359359616577,-7.046374941331307,1176.1818181818182,1359.4545454545455,1480.090909090909,2161.318181818182,2829.181818181818,0.18972899527065373,-0.23053547737191907,-0.3530000590541233,0.1333350718651433
Pemukiman_0038,2,Pemukiman,78,112.5562477801714,-7.046262826549152,1198.3076923076924,1422.923076923077,1607.7179487179487,2126.6794871794873,2769.923076923077,0.14197068365392534,-0.2016608906757679,-0.3245066018430664,0.13212110954190304
Pemukiman_0039,2,Pemukiman,74,112.55602442926678,-7.046728895809015,1158.6891891891892,1380.2432432432433,1535.4594594594594,2216.7162162162163,2921.554054054054,0.18454617627542005,-0.23698018831439782,-0.3633104634701577,0.13900059645368343
Pemukiman_0040,2,Pemukiman,24,112.55733942550648,-7.046512501785994,1043.0833333333333,1296.4583333333333,1489.5,2196.9166666666665,2719.2916666666665,0.1950909409034112,-0.2622866216445205,-0.3583938970309561,0.10661942034423844
Pemukiman_0041,2,Pemukiman,101,112.55699657032932,-7.045866106898315,1076.5346534653465,1318.881188118812,1513.930693069307,2299.4356435643563,2752.6435643564355,0.2092412383995849,-0.27404393192296833,-0.35575935641550127,0.08986988214311596
Pemukiman_0042,2,Pemukiman,153,112.55496124516065,-7.045014929275054,1196.9607843137255,1444.5686274509803,1663.2091503267975,2420.098039215686,3069.5555555555557,0.19013262168510686,-0.25779525344186266,-0.36608138992404443,0.12020588677198636
Pemukiman_0043,2,Pemukiman,562,112.54946769614168,-7.049764192458319,1020.653024911032,1239.2099644128114,1351.3843416370107,2431.7953736654804,2796.8772241992883,0.28948188452071555,-0.3271024962460742,-0.39833299465143,0.07476716005486529
Pemukiman_0044,2,Pemukiman,166,112.56313286196475,-7.05225676740133,1069.921686746988,1256.2409638554218,1433.379518072289,2078.3373493975905,2802.4518072289156,0.1890574263917176,-0.25406244946328377,-0.39012699195399897,0.15156711241999504
Pemukiman_0045,2,Pemukiman,146,112.56452037708252,-7.052537496703533,1121.6027397260275,1314.7397260273972,1478.7328767123288,2142.0,2814.5616438356165,0.19046779926473037,-0.2496618018762269,-0.37373433096157466,0.1372258272185754
Pemukiman_0046,2,Pemukiman,381,112.5657594322494,-7.051731894373745,940.2152230971128,1171.2965879265091,1332.753280839895,2241.459317585302,2705.839895013123,0.26576903460478246,-0.32427990086194397,-0.41227544788464393,0.0967706723956595
Pemukiman_0047,2,Pemukiman,155,112.57044579798176,-7.052596777716442,1203.4967741935484,1455.348387096774,1823.6645161290323,2462.1032258064515,2981.8451612903227,0.15558747156536848,-0.2586074638393669,-0.3503191584313052,0.1004950207379077
Pemukiman_0048,2,Pemukiman,615,112.57380121195303,-7.055134482851264,950.730081300813,1167.4682926829269,1394.8243902439024,2097.378861788618,2721.90081300813,0.2111142435529469,-0.29349611857970703,-0.40976350319064475,0.13145143921042374
Pemukiman_0049,2,Pemukiman,20,112.56869426177369,-7.054092949327833,1875.25,2062.5,2196.65,2707.4,2947.8,0.11369900599553902,-0.1415407553771986,-0.1927941091316979,0.05537383045723575
Sawah_0000,1,Sawah,133,112.5471506262787,-7.0689714415383555,660.9022556390977,966.203007518797,699.5263157894736,697.4661654135339,531.015037593985,-0.011038059652239298,0.17006314586776666,0.30346693559018095,-0.14382282981323724
Sawah_0001,1,Sawah,13,112.58621725774158,-7.071871926428752,771.0,1110.5384615384614,1048.3846153846155,1302.076923076923,900.9230769230769,0.10739737386824928,-0.07778359174690437,0.12456770700438577,-0.199534133974917
Sawah_0002,1,Sawah,10,112.58180657149592,-7.071763113764833,1399.2,1628.6,1724.4,2321.7,2368.5,0.1483690081121603,-0.17728938008782938,-0.185035148458638,0.00867817192273911
Sawah_0003,1,Sawah,9,112.58202914238613,-7.071555383410644,1630.5555555555557,1890.6666666666667,1984.0,2344.4444444444443,2577.222222222222,0.08584641131171392,-0.11043324632999757,-0.15553656727536366,0.04636768646516177
Sawah_0004,1,Sawah,12,112.58174170178596,-7.071320248054165,1416.0,1643.5,1781.5833333333333,2217.3333333333335,2532.4166666666665,0.11075723578490888,-0.15113906463636173,-0.2151371224602329,0.06644990293544686
Sawah_0005,1,Sawah,10,112.58150740374053,-7.071628491132573,1317.7,1585.2,1740.7,2255.2,2578.3,0.131081813761294,-0.17753904573607684,-0.2418001594324915,0.06745806453701368
Sawah_0006,1,Sawah,16,112.58433663929583,-7.072453051916128,754.375,1126.125,1078.1875,1382.125,1310.375,0.12358321667565558,-0.10229997202522781,-0.07548304061334825,-0.02685655405590383
Sawah_0007,1,Sawah,3,112.58604356660571,-7.071983810932291,699.3333333333334,1016.6666666666666,930.3333333333334,1401.6666666666667,969.3333333333334,0.20159550815479274,-0.15935763591645735,0.022473300477742597,-0.18106250211783612
Sawah_0008,1,Sawah,6,112.58560596542178,-7.071955159109231,635.3333333333334,993.5,887.5,1448.3333333333333,911.0,0.23848707516027948,-0.1860403297391776,0.04812674423380311,-0.22968005218347928
Sawah_0009,1,Sawah,10,112.58560856105662,-7.071831568669069,613.8,984.5,834.4,1321.5,690.8,0.22387561737515468,-0.14528104516637913,0.17800178759283045,-0.31536401228078015
Sawah_0010,1,Sawah,11,112.58575443646924,-7.071655975282623,595.1818181818181,952.2727272727273,840.1818181818181,1133.2727272727273,721.6363636363636,0.14516009782715356,-0.08317669560368415,0.1590030329673622,-0.23933813303060003
Sawah_0011,1,Sawah,42,112.58003974290965,-7.072777143290233,483.1904761904762,794.2380952380952,763.7619047619048,1058.8809523809523,864.4285714285714,0.15715733809183963,-0.13951389916423512,-0.04613162177752019,-0.09188123293107242
Sawah_0012,1,Sawah,5,112.58001617778538,-7.072311745738138,553.6,688.2,670.8,1186.4,1098.0,0.27649153808719895,-0.26501854576646816,-0.2269641476373616,-0.03965938922392214
Sawah_0013,1,Sawah,9,112.58064271818857,-7.072002172046072,701.7777777777778,979.6666666666666,1084.2222222222222,1646.0,2020.3333333333333,0.20669969364678803,-0.2554183383683591,-0.3454674863047887,0.10003434473339408
Sawah_0014,1,Sawah,9,112.58023970241351,-7.071792546185645,1087.7777777777778,1389.6666666666667,1569.2222222222222,2224.0,2381.5555555555557,0.17638537000353577,-0.23457865298383546,-0.266166931474845,0.033925217819211574
Sawah_0015,1,Sawah,22,112.58094678236043,-7.071076331141137,1181.2272727272727,1483.409090909091,1577.590909090909,1976.6818181818182,2424.0454545454545,0.11401147976073078,-0.14496910543462718,-0.24276927510386292,0.10156448749686375
Sawah_0016,1,Sawah,1,112.58142412334016,-7.071095262088862,667.0,1032.0,1120.0,1965.0,2064.0,0.2739059967584201,-0.3113113113112074,-0.3333333333332257,0.0245718540580728
Sawah_0017,1,Sawah,26,112.58125257550412,-7.070814133474969,1380.6153846153845,1593.1538461538462,1696.6153846153845,2255.730769230769,2334.1153846153848,0.14555446254100388,-0.17698159647710077,-0.19136457620699415,0.015299941457214443
Sawah_0018,1,Sawah,17,112.5818694466249,-7.070524599838137,543.4705882352941,769.4117647058823,694.7647058823529,1006.9411764705883,1162.4117647058824,0.1726794694494243,-0.12105846978601754,-0.1910204098701369,0.07144425475779285
Sawah_0019,1,Sawah,11,112.58069055701195,-7.070744269514785,983.6363636363636,1263.4545454545455,1413.1818181818182,2090.2727272727275,2295.3636363636365,0.1940518136636085,-0.24730819146880056,-0.28902218204024366,0.045543715921951715
Sawah_0020,1,Sawah,10,112.58531779674793,-7.071507026437341,635.1,982.8,861.7,1477.1,956.9,0.26309795136011577,-0.2011180382714341,0.02955304934893551,-0.22636196453514587
Sawah_0021,1,Sawah,12,112.58521285166923,-7.071700291512907,628.9166666666666,984.6666666666666,847.8333333333334,1408.5,672.3333333333334,0.24825872244790645,-0.1775123556017734,0.18702614372489257,-0.35267652301980945
Sawah_0022,1,Sawah,12,112.58485686271239,-7.071271981469028,701.9166666666666,1024.4166666666667,924.8333333333334,1259.75,1019.9166666666666,0.1472960364029919,-0.09683121535728878,0.03686443442850281,-0.13314609408687647
Sawah_0023,1,Sawah,10,112.58476558233568,-7.071490820561768,687.8,1027.3,861.3,1311.2,592.2,0.20538995116227515,-0.11997423180428964,0.26999663761322984,-0.378078022037417
Sawah_0024,1,Sawah,10,112.58464855780907,-7.071681112472066,664.1,1028.5,864.5,1477.6,653.9,0.2620354221299082,-0.17956442783523785,0.22194602855679652,-0.3863692812748188
Sawah_0025,1,Sawah,15,112.58508384061597,-7.071914737786526,639.3333333333334,927.8,829.0666666666667,1350.1333333333334,826.5333333333333,0.23903014580054352,-0.18510068627024695,0.06550351196627484,-0.24662456192678298
Sawah_0026,1,Sawah,9,112.58453443739663,-7.071838238436842,605.8888888888889,950.1111111111111,852.5555555555555,1452.2222222222222,930.3333333333334,0.25805221263599165,-0.2074838606226576,0.017341741135373883,-0.22382611816909362
Sawah_0027,1,Sawah,3,112.58694883824744,-7.07201086900587,1751.0,1923.6666666666667,1974.0,1926.6666666666667,719.3333333333334,-0.012277324304770432,-0.0006848482632740332,0.4555482317454687,-0.45607640827450385
Sawah_0028,1,Sawah,4,112.5869938393841,-7.071935361081126,1923.25,2225.5,2323.25,2054.25,754.5,-0.060507036907696,0.0386422854738597,0.49176510283130653,-0.46225790274552814
Sawah_0029,1,Sawah,8,112.58000011622963,-7.068251681884812,580.75,724.375,637.625,1486.375,1317.25,0.39506406876926853,-0.34038635908233206,-0.2853655369862188,-0.06045352960311697
Sawah_0030,1,Sawah,2,112.5864048625684,-7.07175651660439,800.0,1177.5,1162.5,1277.0,979.0,0.048022073235340704,-0.0412110822061911,0.11438342666456425,-0.15315107809914985
Sawah_0031,1,Sawah,4,112.58647259587815,-7.0717110731191095,849.25,1165.5,1175.75,1249.0,813.75,0.034842994531580726,-0.030106210586124622,0.1889280422970827,-0.21849894195704378
Sawah_0032,1,Sawah,19,112.57879997817543,-7.0671444634755005,314.63157894736844,542.1052631578947,495.3157894736842,961.6315789473684,1121.842105263158,0.2522899271062686,-0.20679054277444928,-0.3417851094929005,0.1311369048534692
Sawah_0033,1,Sawah,20,112.57858051719074,-7.065367386631979,677.75,896.95,804.3,2142.05,1567.9,0.43960704786328886,-0.39417037020628004,-0.26962918736018626,-0.14160458191181852
Sawah_0034,1,Sawah,8,112.5781335989288,-7.065036584668258,481.625,788.75,621.25,1375.5,1368.5,0.36268313489099346,-0.25475082527558607,-0.25290166998186786,-0.002157095196343226
Sawah_0035,1,Sawah,11,112.57826907967988,-7.065252942638625,612.2727272727273,866.2727272727273,810.7272727272727,1402.0,1053.5454545454545,0.25949984692476724,-0.22687289022466714,-0.09080857823516451,-0.13944215823711248
Sawah_0036,1,Sawah,1,112.57805566273778,-7.065409855330601,431.0,707.0,650.0,1549.0,1638.0,0.4088221919052256,-0.3732269503544445,-0.397014925372965,0.0279259491684882
Sawah_0037,1,Sawah,5,112.57792949245606,-7.0655730490518165,710.2,1018.2,927.0,1553.6,1614.2,0.2719582495372665,-0.21732697251131258,-0.21617979147645391,-0.0017134852340464162
Sawah_0038,1,Sawah,13,112.57825146971095,-7.065659602587202,670.2307692307693,903.0769230769231,748.7692307692307,1413.3076923076924,1074.6923076923076,0.29706209420298957,-0.2088769953115977,-0.07850961476836905,-0.13187950720758945
Sawah_0039,1,Sawah,51,112.57821614834239,-7.066153995781772,768.3333333333334,983.0980392156863,858.9411764705883,1438.4313725490197,1348.8431372549019,0.2451804413741418,-0.17911573947454493,-0.14052183706448704,-0.03880040566068225
Sawah_0040,1,Sawah,185,112.56274669802762,-7.068238256211012,1507.7621621621622,1658.7027027027027,1753.4810810810811,1934.3189189189188,2304.2756756756758,0.04888378762838946,-0.07674327737618647,-0.16276978531928837,0.08714631867400557
Sawah_0041,1,Sawah,78,112.56194758289195,-7.067985616810822,1308.5897435897436,1459.7564102564102,1564.2948717948718,1719.5128205128206,1996.7692307692307,0.04834604419185369,-0.08285229842865835,-0.15613689607666484,0.07427557551259747
Sawah_0042,1,Sawah,86,112.56141482940265,-7.0678064681428046,1068.906976744186,1210.2558139534883,1306.1744186046512,1422.7209302325582,1656.2558139534883,0.044048596053410785,-0.08202472432421785,-0.1569957722706414,0.07603277780171629
Sawah_0043,1,Sawah,28,112.55894288994999,-7.066174971555602,654.75,998.6428571428571,992.8571428571429,2656.0714285714284,2317.785714285714,0.4610568750351098,-0.4591123461271148,-0.4053372568332822,-0.06749136403506653
Sawah_0044,1,Sawah,18,112.55876447399663,-7.066635237339089,411.5,780.8333333333334,671.8333333333334,1310.2222222222222,1226.0555555555557,0.32262006896125694,-0.2517987749686934,-0.21813987262444567,-0.03515800916497802
Sawah_0045,1,Sawah,15,112.55888758460996,-7.06645698642871,1009.2666666666667,1254.6666666666667,1335.8,1829.6666666666667,1800.6666666666667,0.15604442511394226,-0.18663059909161575,-0.1748649822056399,-0.011463680443625134
Sawah_0046,1,Sawah,56,112.56032261202584,-7.065973354107162,1731.3214285714287,1927.642857142857,2033.3214285714287,2171.4285714285716,2483.785714285714,0.0361765713382781,-0.06359684575174243,-0.1295117149142083,0.06689813810535662
Sawah_0047,1,Sawah,39,112.56020775172911,-7.064795211002468,1021.1794871794872,1356.5128205128206,1812.076923076923,2639.102564102564,3111.051282051282,0.18623072404227628,-0.3206149437883341,-0.3908866273348468,0.08088360932580176
Sawah_0048,1,Sawah,28,112.55934599446512,-7.064914108597766,1218.392857142857,1474.2142857142858,1522.9642857142858,1940.0,2162.535714285714,0.12206042129858684,-0.13835649427506852,-0.1904728524889276,0.053609987087734054
Sawah_0049,1,Sawah,27,112.56519284235193,-7.055643625181093,273.55555555555554,662.9629629629629,521.2222222222222,2048.1481481481483,1229.111111111111,0.5890007058446056,-0.5059621884619067,-0.2920927952255893,-0.2510343674433748
