id,kelas,n_piksel,B02,B03,B04,B08,B11,NDVI,NDWI,NDBI
1,Sawah,168,0.051796425,0.08619881,0.05772024,0.07605297,0.03766905,0.11452404,0.08279461,-0.3505404
2,Sawah,23,0.062530436,0.083669566,0.078617394,0.109082595,0.07241304,0.16106921,-0.12417629,-0.22879808
3,Sawah,16,0.04734375,0.06998125,0.051118754,0.14301875,0.0706375,0.4659369,-0.33522847,-0.3378323
4,Sawah,20,0.048365,0.071495,0.054024994,0.131415,0.067555,0.40495425,-0.28110355,-0.31149447
5,Sawah,23,0.050221737,0.07187827,0.05596957,0.12879564,0.0758261,0.36266443,-0.24882744,-0.23482381
6,Sawah,25,0.047555998,0.069844,0.053060003,0.146568,0.0817,0.44172153,-0.32301825,-0.26818419
7,Sawah,21,0.052047618,0.08448095,0.06520952,0.11491428,0.08348571,0.26298964,-0.1386444,-0.14928268
8,Sawah,8,0.0562375,0.078675,0.0696375,0.1168375,0.076124996,0.24814135,-0.18800466,-0.22035134
9,Sawah,9,0.054088887,0.0767,0.06368889,0.11692222,0.07356666,0.29471672,-0.20714036,-0.23670816
10,Sawah,20,0.051665,0.0721,0.058284998,0.10756,0.055269998,0.296553,-0.1961625,-0.32971144
11,Sawah,22,0.0519909,0.070640914,0.06086818,0.10463638,0.05255908,0.26169226,-0.18887897,-0.3349684
12,Sawah,74,0.04560676,0.07606486,0.06257162,0.12819053,0.07193108,0.32743803,-0.23850763,-0.27420393
13,Sawah,13,0.040692307,0.06568461,0.053446155,0.17478463,0.098692305,0.5287685,-0.45019957,-0.27833888
14,Sawah,18,0.044583336,0.07075,0.050494447,0.16415,0.09301112,0.523505,-0.3890287,-0.27367237
15,Sawah,18,0.051050004,0.07580555,0.0606,0.16005,0.09452778,0.44481748,-0.35101986,-0.25751647
16,Sawah,40,0.0483975,0.0747675,0.0603875,0.114835,0.0662075,0.3037351,-0.20325787,-0.27020782
17,Sawah,6,0.054100003,0.08558333,0.0678,0.15473333,0.08815,0.38425946,-0.28012976,-0.2706084
18,Sawah,40,0.061347503,0.0960425,0.074895,0.12737998,0.073584996,0.24942565,-0.13304558,-0.26588148
19,Sawah,31,0.047935482,0.0752742,0.054374192,0.13993225,0.085419364,0.40789625,-0.26512176,-0.21875249
20,Sawah,26,0.04472308,0.06518846,0.05312308,0.13909616,0.07300384,0.44661596,-0.3604525,-0.30953726
21,Sawah,23,0.053043474,0.07317391,0.060195647,0.11481304,0.05816522,0.3113174,-0.2193112,-0.3337
22,Sawah,23,0.05025217,0.071178265,0.055286955,0.10324348,0.043773916,0.30099097,-0.18193468,-0.40386486
23,Sawah,21,0.05963809,0.08450476,0.072595246,0.12756668,0.069290474,0.27354747,-0.20201817,-0.29532638
24,Sawah,19,0.057884216,0.08467369,0.06898947,0.12336841,0.055399995,0.28385708,-0.18599387,-0.38259012
25,Sawah,22,0.04964091,0.072909094,0.05603182,0.110631816,0.049181823,0.32504776,-0.20190702,-0.38762864
26,Sawah,24,0.05028333,0.0716,0.056104165,0.110808335,0.057104167,0.3246181,-0.21075468,-0.3339436
27,Sawah,17,0.052,0.0755353,0.062147055,0.11961177,0.06889412,0.31209177,-0.21769033,-0.2797052
28,Sawah,10,0.08227,0.10133,0.10618,0.119799994,0.09495,0.05412165,-0.0771746,-0.115809225
29,Sawah,11,0.08171818,0.10018182,0.101799995,0.10742727,0.08655455,0.021708585,-0.029044628,-0.10705066
30,Sawah,18,0.04272778,0.062038884,0.046461105,0.13313888,0.087950006,0.47224692,-0.35128057,-0.19897363
31,Sawah,14,0.06553572,0.08527858,0.08219285,0.10289286,0.07507143,0.1101079,-0.08664974,-0.17106195
32,Sawah,11,0.057727274,0.0754,0.06819091,0.087018184,0.06599091,0.12085643,-0.06799998,-0.16159643
33,Sawah,34,0.036964707,0.05570588,0.03946176,0.13891765,0.09404412,0.47058666,-0.3361459,-0.11993801
34,Sawah,37,0.051051352,0.073975675,0.052210808,0.15916486,0.08508648,0.5166019,-0.35809106,-0.32924265
35,Sawah,16,0.0444375,0.060143746,0.0510875,0.13868125,0.13286251,0.46312815,-0.37710723,-0.016669024
36,Sawah,22,0.041072726,0.059536364,0.042995457,0.1337318,0.09129092,0.48513126,-0.34558463,-0.17175627
37,Sawah,7,0.037871428,0.060357142,0.041628573,0.18615715,0.114885725,0.6335722,-0.5079272,-0.25295
38,Sawah,11,0.05476363,0.07635455,0.06366364,0.15875456,0.14554545,0.44469225,-0.35307792,-0.059507
39,Sawah,25,0.034384,0.056964006,0.036756,0.127368,0.064688,0.5088977,-0.3379679,-0.28865862
40,Sawah,76,0.04140394,0.06303685,0.045685522,0.10865001,0.075727634,0.36787915,-0.20868567,-0.17520706
41,Sawah,225,0.05838,0.09131289,0.06301733,0.08281377,0.030740887,0.113393046,0.06866386,-0.48467678
42,Sawah,107,0.06687196,0.102172896,0.07411215,0.08336824,0.036700934,0.046128068,0.11170088,-0.41199803
43,Sawah,116,0.07853793,0.10627587,0.08841638,0.10291034,0.073389664,0.07212465,0.023568617,-0.17410582
44,Sawah,47,0.042199995,0.066048935,0.052,0.16769363,0.08771489,0.52311397,-0.43043438,-0.31789938
45,Sawah,34,0.04408235,0.0699,0.054523528,0.1430706,0.08350294,0.43804798,-0.3315681,-0.26287913
46,Sawah,32,0.0424125,0.07098125,0.054628123,0.1546844,0.08373437,0.47209305,-0.3634277,-0.29854417
47,Sawah,78,0.05741667,0.08979871,0.064423084,0.09155898,0.043357693,0.16046683,0.0036336351,-0.37078482
48,Sawah,55,0.05272364,0.081259996,0.06517273,0.19904363,0.11034181,0.5055366,-0.4179151,-0.28857768
49,Sawah,44,0.054100003,0.090393186,0.06534772,0.12528862,0.06926591,0.2947903,-0.14171024,-0.2834868
50,Pemukiman,24,0.09245417,0.11575001,0.13219166,0.233725,0.25630835,0.28633252,-0.34420213,0.04074567
51,Pemukiman,376,0.08543004,0.10378032,0.12115239,0.18515639,0.2500572,0.21437584,-0.28436515,0.14374816
52,Pemukiman,97,0.08493092,0.10695362,0.119474225,0.23122679,0.24662681,0.31667867,-0.36134574,0.03558264
53,Pemukiman,92,0.08645,0.105567396,0.119455434,0.21573696,0.25690868,0.28822178,-0.3430557,0.09033222
54,Pemukiman,15,0.080593325,0.0973,0.09811332,0.22118667,0.2164667,0.38155696,-0.386711,-0.0077685663
55,Pemukiman,14,0.07141429,0.089807145,0.09055,0.21955,0.2164,0.41827413,-0.42115936,-0.006955813
56,Pemukiman,8,0.094125,0.122462496,0.126075,0.294725,0.2122,0.40810558,-0.4149273,-0.16199344
57,Pemukiman,20,0.08216,0.10250499,0.12306501,0.196135,0.23766501,0.23286304,-0.31244808,0.094503485
58,Pemukiman,28,0.0654,0.08348929,0.103221424,0.18999287,0.24915358,0.29330707,-0.3882343,0.13800249
59,Pemukiman,11,0.06804546,0.09691818,0.13128181,0.22523637,0.24910001,0.26380837,-0.3951492,0.051288918
60,Pemukiman,33,0.07998788,0.100178786,0.109769695,0.2018606,0.22078787,0.2970522,-0.33456936,0.043345556
61,Pemukiman,186,0.07970376,0.09843817,0.10510646,0.17558387,0.21294571,0.25755724,-0.2787602,0.08629971
62,Pemukiman,53,0.08646038,0.104198106,0.11376226,0.19753583,0.24599619,0.27173764,-0.31046048,0.107426785
63,Pemukiman,1062,0.08543135,0.10181818,0.109626845,0.21155809,0.24631082,0.32042253,-0.3507425,0.08115023
64,Pemukiman,724,0.098193236,0.11568868,0.13865843,0.20600484,0.26862764,0.198738,-0.27909493,0.13729557
65,Pemukiman,448,0.09924977,0.11990223,0.13155714,0.2239538,0.2616578,0.27446494,-0.31350443,0.07822062
66,Pemukiman,334,0.08934671,0.106338926,0.110582925,0.22396676,0.24780059,0.3435304,-0.3577583,0.053355828
67,Pemukiman,354,0.08132486,0.10052005,0.10612937,0.24226414,0.24960142,0.39738977,-0.41717762,0.017257666
68,Pemukiman,555,0.09572252,0.11174612,0.12782378,0.19379063,0.271578,0.210156,-0.27236912,0.17151985
69,Pemukiman,244,0.083288945,0.101469666,0.10749712,0.2097381,0.24552746,0.32232434,-0.34567982,0.08253849
70,Pemukiman,153,0.093345754,0.108909145,0.119962744,0.19820458,0.26820064,0.2442391,-0.28973863,0.15613857
71,Pemukiman,180,0.084759444,0.10585667,0.10967333,0.24979833,0.24099998,0.40302193,-0.412044,-0.017760187
72,Pemukiman,105,0.08428095,0.10225429,0.11006,0.21121807,0.25551715,0.3187517,-0.3495093,0.100565955
73,Pemukiman,180,0.12961833,0.14666277,0.1578111,0.20705168,0.27121055,0.14017577,-0.17550625,0.13572913
74,Pemukiman,218,0.1303422,0.15092431,0.16575368,0.2566587,0.29269174,0.23299114,-0.2787146,0.06805391
75,Pemukiman,146,0.1238863,0.13707396,0.14874521,0.18158014,0.24849865,0.10124097,-0.14100763,0.15893371
76,Pemukiman,126,0.1056857,0.12005872,0.13672143,0.19328094,0.25356904,0.17808121,-0.23719521,0.13838874
77,Pemukiman,210,0.0802619,0.10009286,0.1110219,0.23018998,0.25472572,0.3534941,-0.39560786,0.056021754
78,Pemukiman,88,0.07387955,0.09389546,0.088729545,0.25679776,0.23178864,0.47995093,-0.45711863,-0.041187003
79,Pemukiman,35,0.077602856,0.09810285,0.112160005,0.23650001,0.23194858,0.3565364,-0.4067199,-0.004952627
80,Pemukiman,219,0.0858233,0.102256164,0.11171734,0.20741417,0.246821,0.29183164,-0.33107,0.096228026
81,Pemukiman,106,0.09763679,0.113100946,0.12839906,0.17937076,0.2688802,0.17461066,-0.2351446,0.2034917
82,Pemukiman,176,0.09466023,0.11142387,0.11973295,0.22785397,0.2589517,0.32019436,-0.3477344,0.066084236
83,Pemukiman,254,0.10113858,0.11787165,0.12882167,0.20743464,0.27317324,0.2436003,-0.28309986,0.1373575
84,Pemukiman,138,0.090874635,0.10657247,0.12207971,0.18856232,0.26878554,0.21788475,-0.280294,0.17522767
85,Pemukiman,120,0.087611675,0.1033875,0.1093375,0.19524333,0.24121831,0.28340244,-0.3088178,0.10944487
86,Pemukiman,104,0.08763942,0.10618846,0.11308943,0.22754134,0.25102594,0.34200865,-0.36642104,0.052023392
87,Pemukiman,38,0.08518422,0.10090528,0.104792096,0.20696579,0.25254735,0.33002028,-0.34426877,0.101008505
88,Pemukiman,106,0.0930085,0.10981416,0.11965376,0.19325943,0.24678682,0.24176684,-0.28009272,0.12314093
89,Pemukiman,103,0.09170096,0.10784271,0.115203865,0.19775437,0.2585835,0.26854086,-0.2987843,0.13601641
90,Pemukiman,42,0.08406667,0.10143334,0.107730955,0.21385475,0.2460214,0.33986175,-0.3657764,0.0720384
91,Pemukiman,134,0.07750821,0.096375376,0.101607464,0.22236417,0.23600672,0.368389,-0.38889176,0.034912188
92,Pemukiman,184,0.08539348,0.1056962,0.111707605,0.23382336,0.26174295,0.358686,-0.38004768,0.059836946
93,Pemukiman,653,0.085628934,0.105613016,0.11046401,0.23407151,0.25109965,0.35935724,-0.3765258,0.040879298
94,Pemukiman,196,0.09503826,0.110527046,0.11924642,0.20554848,0.2567056,0.2686324,-0.30197084,0.11345212
95,Pemukiman,177,0.099281356,0.11562147,0.12359322,0.21041864,0.2635859,0.26396737,-0.29432717,0.114881195
96,Pemukiman,435,0.086001605,0.10353609,0.107560456,0.2288108,0.24746943,0.36404303,-0.37612158,0.046028037
97,Pemukiman,186,0.10622849,0.12805752,0.15567689,0.23764087,0.28108117,0.21689749,-0.2981139,0.09050408
98,Pemukiman,679,0.08878999,0.10520515,0.12167127,0.20242211,0.25694963,0.2553245,-0.31908372,0.12279489
99,Sawah,39,0.03776667,0.06467692,0.052269228,0.26438206,0.14884873,0.6703059,-0.60632086,-0.2785024
100,Pemukiman,29,0.1564931,0.17275171,0.17938274,0.24478965,0.27027935,0.17481115,-0.19145317,0.06019371
