date,SO2
2025-08-24,0.0003466360503807664
2025-08-25,0.0008174445247277617
2025-08-26,-0.0007987775607034564
2025-08-27,-0.000513469974976033
2025-08-28,0.0003273314796388149
2025-08-29,-5.031254841014743e-05
2025-08-30,0.0004142247198615223
2025-08-31,-0.0005344136152416468
2025-09-01,5.835148112964816e-05
2025-09-02,0.0003649168356787413
2025-09-03,1.6534342648810707e-05
2025-09-04,0.0006489308434538543
2025-09-05,6.919027509866282e-05
2025-09-06,-0.000340077473083511
2025-09-07,-0.00031028545345179737
2025-09-08,
2025-09-09,0.00013070010754745454
2025-09-10,-0.0001081802838598378
2025-09-11,-0.0010858937166631
2025-09-12,0.0002118312695529312
2025-09-13,-5.393269748310559e-05
2025-09-14,-0.00012662821973208338
2025-09-15,-4.759034254675498e-06
2025-09-16,-0.00044446467654779553
2025-09-17,
2025-09-18,
2025-09-19,-2.696680894587189e-05
2025-09-20,
2025-09-21,0.0001621753617655486
2025-09-22,0.0003468487411737442
2025-09-23,0.0005547758191823959
2025-09-24,0.00035423366352915764
2025-09-25,0.000385167048079893
2025-09-26,5.623660763376392e-05
2025-09-27,0.0005964333540759981
2025-09-28,-1.5039177014841698e-06
2025-09-29,0.00020833239250350744
2025-09-30,
2025-10-01,
2025-10-02,-0.0003332575724925846
2025-10-03,7.250640919664875e-05
2025-10-04,-1.3378384210227525e-05
2025-10-05,0.00012009835336357356
2025-10-06,-3.588085382943973e-05
2025-10-07,-0.00010042536450782792
2025-10-08,
2025-10-09,-0.0002176901325583458
2025-10-10,0.0001435211452189833
2025-10-11,0.0002609776274766773
2025-10-12,
2025-10-13,
2025-10-14,-5.600577424047515e-05
2025-10-15,
2025-10-16,-0.0001317592104896903
2025-10-17,-2.7106700144940987e-05
2025-10-18,-0.00010168313747271895
2025-10-19,-0.00023578635591547936
2025-10-20,
2025-10-21,
2025-10-22,
2025-10-23,
2025-10-24,
2025-10-25,
2025-10-26,-5.2686023991554976e-05
2025-10-27,
2025-10-28,0.0002756458125077188
2025-10-29,
2025-10-30,
2025-10-31,
2025-11-01,
2025-11-02,
2025-11-03,
2025-11-04,
2025-11-05,
2025-11-06,
2025-11-07,0.0003254238981753588
2025-11-08,
2025-11-09,
2025-11-10,
2025-11-11,
2025-11-12,
2025-11-13,
2025-11-14,
2025-11-15,
2025-11-16,
2025-11-17,
2025-11-18,0.00039963252493180335
2025-11-19,
2025-11-20,-0.00016100196808110925
2025-11-21,
2025-11-22,0.00010646777809597552
2025-11-23,0.00017616846889723092
2025-11-24,0.00034980083000846207
2025-11-25,-6.630927964579314e-05
2025-11-26,0.00011714812717400493
2025-11-27,
2025-11-28,
2025-11-29,0.0001089670113287866
2025-11-30,
2025-12-01,
2025-12-02,
2025-12-03,0.00029863067902624607
2025-12-04,
2025-12-05,-0.0004223906435072422
2025-12-06,
2025-12-07,
2025-12-08,
2025-12-09,
2025-12-10,-0.00017208450299222022
2025-12-11,0.0003694123297464103
2025-12-12,0.00015419397095683962
2025-12-13,
2025-12-14,
2025-12-15,0.0003219745121896267
2025-12-16,
2025-12-17,-5.6716813560342416e-05
2025-12-18,
2025-12-19,
2025-12-20,
2025-12-21,
2025-12-22,6.579222826985642e-05
2025-12-23,
2025-12-24,0.00038384972140192986
2025-12-25,0.0005020344397053123
2025-12-26,
2025-12-27,
2025-12-28,0.0005962654249742627
2025-12-29,0.0006890465156175196
2025-12-30,
2025-12-31,
2026-01-01,
2026-01-02,
2026-01-03,
2026-01-04,0.00019174840417690572
2026-01-05,
2026-01-06,-0.0005460108513943851
2026-01-07,
2026-01-08,0.00041244554449804127
2026-01-09,
2026-01-10,
2026-01-11,
2026-01-12,
2026-01-13,
2026-01-14,
2026-01-15,
2026-01-16,
2026-01-17,
2026-01-18,
2026-01-19,5.31353143742308e-05
2026-01-20,
2026-01-21,
2026-01-22,
2026-01-23,
2026-01-24,0.00035663865855894983
2026-01-25,
2026-01-26,
2026-01-27,
2026-01-28,
2026-01-29,-0.00011341793288011104
2026-01-30,
2026-01-31,
2026-02-01,
2026-02-02,0.0001017593895085156
2026-02-03,0.0002559984859544784
2026-02-04,
2026-02-05,
2026-02-06,1.7734815628500655e-05
2026-02-07,
2026-02-08,
2026-02-09,
2026-02-10,
2026-02-11,
2026-02-12,
2026-02-13,
2026-02-14,
2026-02-15,0.00025417108554393053
2026-02-16,-0.00030572444666177034
2026-02-17,0.0002108088519889861
2026-02-18,
2026-02-19,
2026-02-20,
2026-02-21,
2026-02-22,
2026-02-23,
2026-02-24,
2026-02-25,
2026-02-26,
2026-02-27,-0.0002851884928531945
2026-02-28,0.0005320048658177257
2026-03-01,
2026-03-02,
2026-03-03,
2026-03-04,-7.996983913471922e-05
2026-03-05,-0.0005097843240946531
2026-03-06,
2026-03-07,
2026-03-08,1.0296977052348666e-05
2026-03-09,
2026-03-10,
2026-03-11,-7.058533083181828e-05
2026-03-12,0.00017874188779387623
2026-03-13,-3.593293149606325e-05
2026-03-14,-0.00015318821533583105
2026-03-15,0.0002484531723894179
2026-03-16,-0.0002531922946218401
2026-03-17,7.991459278855473e-05
2026-03-18,0.0003147126408293843
2026-03-19,
2026-03-20,
2026-03-21,
2026-03-22,
2026-03-23,0.0002522972645238042
2026-03-24,-9.147816308541223e-05
2026-03-25,
2026-03-26,
2026-03-27,0.00019422185141593215
2026-03-28,
2026-03-29,0.0002989476197399199
2026-03-30,
2026-03-31,
2026-04-01,-0.0001247861800948158
2026-04-02,0.0001809117093216628
2026-04-03,6.629968265770003e-05
2026-04-04,
2026-04-05,5.0743474275805056e-05
2026-04-06,-0.00021849376207683235
2026-04-07,9.645074169384316e-05
2026-04-08,0.0002759112394414842
2026-04-09,-0.00012809586769435555
2026-04-10,
2026-04-11,0.00019135243201162663
2026-04-12,7.85741358413361e-05
2026-04-13,0.0001449314440833405
2026-04-14,-0.00010944012319669127
2026-04-15,8.433625771431252e-05
2026-04-16,-0.0001445440575480461
2026-04-17,1.8668431948754005e-05
2026-04-18,0.0005045793950557709
2026-04-19,
2026-04-20,2.885331559809856e-05
2026-04-21,
2026-04-22,
2026-04-23,0.0007726051262579858
2026-04-24,
2026-04-25,-9.03658292372711e-05
2026-04-26,0.00019772745145019144
2026-04-27,
2026-04-28,
2026-04-29,
2026-04-30,
2026-05-01,8.405186235904694e-05
2026-05-02,
2026-05-03,-7.54167340346612e-05
2026-05-04,-7.296933472389355e-05
2026-05-05,
2026-05-06,8.341995271621272e-05
2026-05-07,3.2233881938736886e-05
2026-05-08,-7.46663790778257e-05
2026-05-09,
2026-05-10,8.43381931190379e-05
2026-05-11,-0.000128799511003308
2026-05-12,0.00043550966074690223
2026-05-13,0.0005733207799494267
2026-05-14,0.0005028123850934207
2026-05-15,0.0001296158879995346
2026-05-16,8.453505870420486e-06
2026-05-17,
2026-05-18,0.0003931517421733588
2026-05-19,2.273641985084396e-05
2026-05-20,7.542404637206346e-05
2026-05-21,
2026-05-22,0.00020532212511170653
2026-05-23,0.0005422253161668777
2026-05-24,
2026-05-25,
2026-05-26,0.0006246592965908349
2026-05-27,-5.977515684207901e-05
2026-05-28,
2026-05-29,0.0003822788130491972
2026-05-30,
2026-05-31,7.566215208498761e-05
2026-06-01,0.00015218340558931231
2026-06-02,0.00035368968383409083
2026-06-03,0.0003108976234216243
2026-06-04,0.00012036089901812376
2026-06-05,2.2438800442614596e-05
2026-06-06,-3.7905767385382205e-05
2026-06-07,0.00013194077473599464
2026-06-08,-5.32200065208599e-05
2026-06-09,0.0002655596181284636
2026-06-10,0.0008577659609727561
2026-06-11,-0.0001236003590747714
2026-06-12,
2026-06-13,
2026-06-14,0.00015730824088677764
2026-06-15,0.0007389564998447895
2026-06-16,-0.0006166346138343215
2026-06-17,-0.0001409053656971082
2026-06-18,5.263314960757271e-05
2026-06-19,0.000736891059204936
2026-06-20,-0.00016187144501600417
2026-06-21,-0.00012780721590388566
2026-06-22,-0.00014272236148826778
2026-06-23,0.00017145404126495123
2026-06-24,0.00016469921683892608
2026-06-25,0.00013033805589657277
2026-06-26,-0.00013245141599327326
2026-06-27,-0.00029786548111587763
2026-06-28,0.0008229949162341654
2026-06-29,-8.842354145599529e-05
2026-06-30,-0.0003951809485442936
2026-07-01,-0.0010286720935255
2026-07-02,0.0006229507853277028
2026-07-03,0.00015894454554654658
2026-07-04,0.0005739874322898686
2026-07-05,-0.00023016052728053185
2026-07-06,
2026-07-07,0.0002585277252364904
2026-07-08,0.0007655071676708758
2026-07-09,0.00012609105033334345
2026-07-10,-0.00035915817716158926
2026-07-11,0.00046278367517516017
2026-07-12,0.0005557675613090396
2026-07-13,0.00011585443280637264
2026-07-14,7.314988761208951e-05
2026-07-15,0.0005463673151098192
2026-07-16,-0.0002177560090785846
2026-07-17,0.0007362326141446829
2026-07-18,-8.128592162393034e-05
2026-07-19,0.00044630432967096567
2026-07-20,-0.00011783764784922825
2026-07-21,-5.5605476518394426e-05
2026-07-22,2.911841875175014e-05
2026-07-23,6.783675053156912e-05
2026-07-24,0.000853566627483815
2026-07-25,0.00027632692945189774
2026-07-26,2.492960447852965e-05
2026-07-27,-2.229703386547044e-05
2026-07-28,0.0003669931320473552
2026-07-29,0.00023732322733849287
2026-07-30,6.781465344829485e-05
2026-07-31,0.00044146867003291845
2026-08-01,-7.683886360609904e-05
2026-08-02,-5.6739256251603365e-05
2026-08-03,0.000370623980415985
2026-08-04,0.0002389380970271304
2026-08-05,0.0002211812388850376
2026-08-06,0.0002828847209457308
2026-08-07,0.0003908693033736199
2026-08-08,0.0001630253391340375
2026-08-09,-0.00023937564401421696
2026-08-10,-1.6139842045959085e-05
2026-08-11,0.0005257183220237494
2026-08-12,0.00024133690749295056
2026-08-13,-0.00042434383067302406
2026-08-14,-0.0002991301298607141
2026-08-15,6.0709920944646e-05
2026-08-16,0.000329378031892702
2026-08-17,-0.000338908052071929
2026-08-18,-6.1159094912e-05
2026-08-19,0.0008240715833380818
2026-08-20,0.00012816998059861362
2026-08-21,7.891561836004257e-05
2026-08-22,0.0005916241207160056
2026-08-23,0.0003942632174585015
2026-08-24,
