poligon_id,kelas_asli,prediksi_ml,benar,lon_centroid,lat_centroid,B02,B03,B04,B08,B11,NDVI,NDWI,MNDWI,NDBI
Sawah_0031,Sawah,Sawah,True,112.58647259587816,-7.0717110731191095,849.25,1165.5,1175.75,1249.0,813.75,0.0348429945315807,-0.0301062105861246,0.1889280422970827,-0.2184989419570437
Air_0038,Air,Sawah,False,112.60786552154426,-7.275805937567896,363.3928571428572,443.25,370.32142857142856,538.2142857142857,845.3928571428571,0.1529481380759249,-0.0616226269226486,-0.2857530430138225,0.227164608625196
Air_0007,Air,Air,True,112.56383691633869,-7.026905050896467,1102.4571428571428,1290.4,1420.8142857142857,1718.3142857142857,2075.714285714286,0.0929756699129327,-0.1399471578256957,-0.2337631519127208,0.096161467744467
Hutan Mangrove_0003,Hutan Mangrove,Hutan Mangrove,True,113.51514270483568,-7.241364344319321,273.2835820895522,528.7164179104477,303.82089552238807,3074.1492537313434,989.776119402985,0.8181503643864225,-0.7048852250645962,-0.3047021790163672,-0.510930002823246
Air_0010,Air,Air,True,112.55594059270068,-7.023456692662669,1187.9040404040404,1392.1666666666667,1524.353535353535,1730.414141414141,2125.308080808081,0.0626078078925481,-0.1082496691616048,-0.2096528028417006,0.1038298469057503
Hutan Non-Mangrove_0048,Hutan Non-Mangrove,Hutan Non-Mangrove,True,111.72504557037831,-7.837473798746037,392.329,556.948,370.9085,3180.949,1676.8805,0.7877714285456618,-0.6990055962568605,-0.5043717169582,-0.3021124530872681
Pemukiman_0027,Pemukiman,Pemukiman,True,112.55997477870518,-7.0508884726549095,924.414201183432,1169.420118343195,1388.6686390532543,2353.639053254438,2802.284023668639,0.2635685679095801,-0.3436396585859578,-0.4232992119342369,0.0912872864491718
Hutan Non-Mangrove_0038,Hutan Non-Mangrove,Hutan Non-Mangrove,True,112.49375723514636,-7.982537890388561,315.4625,523.211,296.026,3331.4535,1672.1475,0.8359257941853004,-0.7281165777659486,-0.5241721699925247,-0.3296439145452128
Sawah_0036,Sawah,Sawah,True,112.57805566273778,-7.065409855330601,431.0,707.0,650.0,1549.0,1638.0,0.4088221919052256,-0.3732269503544445,-0.397014925372965,0.0279259491684882
Sawah_0049,Sawah,Hutan Non-Mangrove,False,112.56519284235192,-7.055643625181093,273.55555555555554,662.9629629629629,521.2222222222222,2048.1481481481483,1229.111111111111,0.5890007058446056,-0.5059621884619067,-0.2920927952255893,-0.2510343674433748
Hutan Mangrove_0019,Hutan Mangrove,Hutan Mangrove,True,112.8372150280678,-7.348874215747582,358.958549222798,742.5751295336787,427.05699481865287,3621.134715025906,1508.357512953368,0.7871719263624231,-0.6578883244781784,-0.339961508145973,-0.4105185205494303
Pemukiman_0041,Pemukiman,Pemukiman,True,112.55699657032932,-7.045866106898315,1076.5346534653463,1318.881188118812,1513.930693069307,2299.4356435643563,2752.6435643564355,0.2092412383995849,-0.2740439319229683,-0.3557593564155012,0.0898698821431159
Hutan Mangrove_0016,Hutan Mangrove,Hutan Mangrove,True,112.83743996506226,-7.346763102148002,469.464,811.032,553.776,3302.264,1448.744,0.7011925465892723,-0.5939106812997935,-0.2817466663385951,-0.3828815066483511
Air_0014,Air,Hutan Non-Mangrove,False,112.4538362886621,-7.229438684834824,936.0625,1134.5,929.75,3222.5,2021.8333333333333,0.5516843901797472,-0.4785489126656745,-0.2768551953999922,-0.231027835889787
Hutan Non-Mangrove_0032,Hutan Non-Mangrove,Hutan Non-Mangrove,True,112.40102992571803,-7.863439355967345,603.30825,725.096,538.217,2903.011,1815.0005,0.6879544342912488,-0.602811077551928,-0.4386244976490844,-0.2263062716651778
Air_0018,Air,Sawah,False,112.44226353072176,-7.23612060797968,831.738255033557,1060.724832214765,973.4563758389262,1323.4697986577182,1365.6040268456377,0.1381624391507038,-0.0848953420880258,-0.0617164076782334,-0.0217865346080695
Pemukiman_0012,Pemukiman,Pemukiman,True,112.57010992276824,-7.064019193362443,942.054054054054,1173.972972972973,1366.6756756756756,2136.162162162162,2724.027027027027,0.2221584499705457,-0.2943728270628414,-0.398153929710542,0.1184012942416409
Sawah_0000,Sawah,Air,False,112.5471506262787,-7.068971441538356,660.9022556390977,966.203007518797,699.5263157894736,697.4661654135339,531.015037593985,-0.0110380596522392,0.1700631458677666,0.3034669355901809,-0.1438228298132372
Air_0043,Air,Air,True,112.58142332718944,-6.929022773291638,621.2053789731051,773.3215158924205,601.6955990220049,456.4425427872861,447.7114914425428,-0.1516073668752239,0.2729038781476411,0.2755207180230584,-0.0011411755568945
Hutan Non-Mangrove_0006,Hutan Non-Mangrove,Hutan Non-Mangrove,True,112.47816160628358,-7.916708668794516,295.258,526.149,348.4685,2891.4705,1575.242,0.7779107124460038,-0.6868332084826814,-0.5010386197000035,-0.2882418488944057
Hutan Mangrove_0043,Hutan Mangrove,Hutan Mangrove,True,112.69435777977812,-7.1438662606339545,117.77007299270072,434.4525547445256,181.9160583941606,3029.3284671532847,909.8357664233577,0.8782672774392419,-0.7416844619184223,-0.3539724280891774,-0.5352662568500368
Air_0020,Air,Air,True,112.43339777424886,-7.240423507171305,1190.951724137931,1269.7206896551725,1381.9551724137932,1846.6275862068965,2424.651724137931,0.141738479675049,-0.1834619262726861,-0.3127819325487452,0.1371860735470117
Sawah_0047,Sawah,Pemukiman,False,112.56020775172912,-7.064795211002468,1021.1794871794872,1356.5128205128206,1812.076923076923,2639.102564102564,3111.051282051282,0.1862307240422762,-0.3206149437883341,-0.3908866273348468,0.0808836093258017
Sawah_0025,Sawah,Sawah,True,112.58508384061597,-7.071914737786526,639.3333333333334,927.8,829.0666666666667,1350.1333333333334,826.5333333333333,0.2390301458005435,-0.1851006862702469,0.0655035119662748,-0.2466245619267829
Pemukiman_0001,Pemukiman,Pemukiman,True,112.56172521944526,-7.060703119182136,900.5548780487804,1117.6128048780488,1440.439024390244,1912.6067073170727,2798.1006097560976,0.1480783936415954,-0.2727247598321796,-0.4347648281299084,0.1873013036664428
Air_0023,Air,Sawah,False,112.42003952329412,-7.238339959184782,914.3135135135136,1142.1135135135137,961.654054054054,1765.751351351351,1317.4432432432432,0.2846217991559589,-0.1979026832470869,0.0316206032820503,-0.2214731612318781
Air_0022,Air,Sawah,False,112.4206796604874,-7.239203715802339,886.3333333333334,1132.0277777777778,911.7361111111112,1475.888888888889,933.3263888888888,0.2292303409348013,-0.1229723293213886,0.1465160125940906,-0.2641913117514594
Hutan Mangrove_0013,Hutan Mangrove,Hutan Mangrove,True,112.83506320082589,-7.346019749793678,336.46625766871165,707.9018404907976,381.6625766871165,3900.558282208589,1486.398773006135,0.8215971799596823,-0.6926441319262383,-0.3544438684704887,-0.4481314677446506
Pemukiman_0035,Pemukiman,Pemukiman,True,112.55428418961282,-7.045610019750003,1106.0898876404494,1315.8539325842696,1446.2359550561798,2134.7640449438204,2728.14606741573,0.1969860602322529,-0.2421934872480228,-0.355876941167522,0.1242418339376013
Hutan Non-Mangrove_0033,Hutan Non-Mangrove,Hutan Non-Mangrove,True,112.4354572215248,-7.9531031054288785,219.769,412.111,241.8965,3083.035,1616.479,0.8559199230163594,-0.7676005742989196,-0.6018919547942331,-0.3057926606043508
Hutan Non-Mangrove_0034,Hutan Non-Mangrove,Hutan Non-Mangrove,True,112.44801881274536,-7.952594110875808,436.45,660.9645,493.548,3173.688,2009.5505,0.7370932579618416,-0.6583118398776558,-0.5117520240491737,-0.2252320450549297
Hutan Non-Mangrove_0047,Hutan Non-Mangrove,Hutan Non-Mangrove,True,111.67533043776756,-7.789190981239217,388.96125,569.3005,391.44525,3091.502,1786.382,0.7733286603818316,-0.6867689190824705,-0.519464322906133,-0.2632663541731054
Hutan Non-Mangrove_0007,Hutan Non-Mangrove,Hutan Non-Mangrove,True,112.49205531766675,-7.91617591585519,272.672,491.6785,319.1015,2962.4075,1603.146,0.8005530381979549,-0.7122061652556536,-0.5327585544411012,-0.2910719160058563
Hutan Non-Mangrove_0027,Hutan Non-Mangrove,Hutan Non-Mangrove,True,112.4661015265964,-7.750234295372881,390.4085,538.2145,349.9635,2712.0215,1492.4165,0.7742198593572472,-0.6711814414081128,-0.477884101704213,-0.2852311421671536
Sawah_0001,Sawah,Sawah,True,112.58621725774158,-7.071871926428752,771.0,1110.5384615384614,1048.3846153846157,1302.076923076923,900.9230769230768,0.1073973738682492,-0.0777835917469043,0.1245677070043857,-0.199534133974917
Sawah_0027,Sawah,Air,False,112.58694883824744,-7.07201086900587,1751.0,1923.6666666666667,1974.0,1926.6666666666667,719.3333333333334,-0.0122773243047704,-0.000684848263274,0.4555482317454687,-0.4560764082745038
Hutan Mangrove_0001,Hutan Mangrove,Hutan Mangrove,True,113.52605762066896,-7.24332124417982,344.3486842105263,639.390350877193,504.2785087719298,2659.6973684210525,1096.5438596491229,0.6934254769321426,-0.6165893366836969,-0.2798427439000967,-0.4201104174922295
Air_0028,Air,Sawah,False,112.59214708573592,-7.14865360755883,720.6882352941177,1059.1882352941177,890.6529411764706,1586.229411764706,1084.3588235294117,0.2739909504591971,-0.1903160547634248,0.0332285882694959,-0.2207212336278787
Pemukiman_0029,Pemukiman,Pemukiman,True,112.56087866340224,-7.04990138490815,858.5238095238095,1127.3333333333333,1406.095238095238,2175.0,2510.8571428571427,0.2198378670967854,-0.3176758052876285,-0.3843206116567506,0.0745969332368776
Pemukiman_0042,Pemukiman,Pemukiman,True,112.55496124516064,-7.045014929275054,1196.9607843137255,1444.5686274509803,1663.2091503267975,2420.098039215686,3069.555555555556,0.1901326216851068,-0.2577952534418626,-0.3660813899240444,0.1202058867719863
Hutan Non-Mangrove_0040,Hutan Non-Mangrove,Hutan Non-Mangrove,True,112.33694035268748,-7.917097197831111,433.5325,595.574,397.8645,3259.8755,1696.1975,0.7797224277716425,-0.6889819468631044,-0.4807941480217618,-0.312866372884984
Pemukiman_0005,Pemukiman,Pemukiman,True,112.55974499505804,-7.057604359979659,829.5714285714286,1056.571428571429,1175.142857142857,2126.8571428571427,2449.428571428572,0.2960900119066369,-0.3506284056178582,-0.4086573583615719,0.0702226119539472
Hutan Mangrove_0027,Hutan Mangrove,Hutan Mangrove,True,112.83630101836114,-7.353409908927928,343.141065830721,713.4639498432601,416.2789968652037,3462.824451410658,1463.4670846394984,0.7827826839684269,-0.6562303287025777,-0.3434502097912832,-0.4049126941704667
Sawah_0032,Sawah,Sawah,True,112.57879997817544,-7.0671444634755005,314.63157894736844,542.1052631578947,495.3157894736842,961.6315789473684,1121.842105263158,0.2522899271062686,-0.2067905427744492,-0.3417851094929005,0.1311369048534692
Air_0035,Air,Air,True,112.25133894923177,-6.764844451180402,998.5651958353992,925.8815071888944,652.4777722690465,569.8182118658073,639.5215666831929,-0.0668978715756618,0.2376785995301522,0.1820347856689681,0.0582092607338968
Hutan Mangrove_0025,Hutan Mangrove,Hutan Mangrove,True,112.83635520070165,-7.352096989976082,324.77777777777777,647.8611111111111,395.875,3222.3888888888887,1443.3472222222222,0.7807163071693293,-0.6649938525754896,-0.3806300986796557,-0.3807412326374051
Hutan Mangrove_0034,Hutan Mangrove,Hutan Mangrove,True,112.83187425456516,-7.35568025177432,355.93939393939394,742.2348484848485,399.68939393939394,3994.0454545454554,1414.6969696969695,0.815195787335328,-0.683825443676928,-0.310135897446713,-0.4752718333759118
Air_0040,Air,Sawah,False,112.53291377939036,-6.907551055218153,869.0843373493976,1086.1686746987953,989.265060240964,1184.2168674698796,1021.3012048192772,0.0881778179624547,-0.0443691783799661,0.0832750921413611,-0.1256772821318555
Hutan Non-Mangrove_0041,Hutan Non-Mangrove,Hutan Non-Mangrove,True,112.32527028845686,-7.945820998050343,663.2325,857.32,640.385,3393.176,2133.299,0.7206614646447442,-0.6302732552413911,-0.480425831311327,-0.2291147856779515
Hutan Mangrove_0005,Hutan Mangrove,Hutan Mangrove,True,112.8371218765286,-7.332343415136436,387.8964435146444,773.8242677824268,460.5889121338912,3239.471757322176,1395.2520920502093,0.7471462321416872,-0.6104410859829964,-0.2873710526946639,-0.3967102783656297
Pemukiman_0014,Pemukiman,Pemukiman,True,112.57412783339872,-7.053337186404601,1089.3611532625189,1305.2200303490138,1599.701062215478,2127.910470409712,2832.6919575113807,0.1500025405418455,-0.2469309708368824,-0.379695024415899,0.1458080699966248
Hutan Non-Mangrove_0016,Hutan Non-Mangrove,Hutan Non-Mangrove,True,112.42916434721408,-7.929181102245599,1381.199,1440.2895,1302.391,3313.913,2507.9505,0.5628247712174413,-0.511074248025291,-0.4004672431017656,-0.1531148946134407
Hutan Non-Mangrove_0004,Hutan Non-Mangrove,Hutan Non-Mangrove,True,112.47905783194952,-7.899477254820775,264.8205,476.425,331.943,2779.7785,1588.8855,0.7866798440358614,-0.7065743174390986,-0.5423941743779622,-0.2706552964479321
Hutan Mangrove_0006,Hutan Mangrove,Hutan Mangrove,True,112.84105120554216,-7.317565992068937,414.6047904191617,799.443113772455,555.3233532934132,2973.248502994012,1541.61377245509,0.6755788010942565,-0.5669260062642291,-0.3108696095668183,-0.3137567171731225
Pemukiman_0038,Pemukiman,Pemukiman,True,112.5562477801714,-7.046262826549152,1198.3076923076924,1422.923076923077,1607.7179487179487,2126.6794871794878,2769.923076923077,0.1419706836539253,-0.2016608906757679,-0.3245066018430664,0.132121109541903
Pemukiman_0006,Pemukiman,Sawah,False,112.56001729798444,-7.057829516504027,1504.0,1762.5,2028.0,3264.5,2378.0,0.2347237143160124,-0.2985421340360136,-0.1486536950109354,-0.1568747196727624
Hutan Non-Mangrove_0011,Hutan Non-Mangrove,Hutan Non-Mangrove,True,112.50345724876212,-7.916361053255335,276.1975,518.2145,292.1475,3422.984,1605.738,0.8418557412746638,-0.7369528437696238,-0.5137624404519645,-0.3589261676921542
Hutan Non-Mangrove_0008,Hutan Non-Mangrove,Hutan Non-Mangrove,True,112.46518589920396,-7.938975836272115,479.0095,600.189,625.5405,1901.894,1703.5555,0.469268268113958,-0.4896478644316503,-0.4809334720788217,-0.021975009377229
Pemukiman_0019,Pemukiman,Pemukiman,True,112.58336115819564,-7.05627634370477,994.6376811594204,1218.0144927536232,1348.3961352657004,2347.236714975845,2742.932367149758,0.2699995794058532,-0.3149573005059448,-0.3918262125232648,0.0824137727816207
Sawah_0016,Sawah,Sawah,True,112.58142412334016,-7.071095262088862,667.0,1032.0,1120.0,1965.0,2064.0,0.2739059967584201,-0.3113113113112074,-0.3333333333332257,0.0245718540580728
Sawah_0022,Sawah,Sawah,True,112.5848568627124,-7.071271981469028,701.9166666666666,1024.4166666666667,924.8333333333334,1259.75,1019.9166666666666,0.1472960364029919,-0.0968312153572887,0.0368644344285028,-0.1331460940868764
Sawah_0045,Sawah,Air,False,112.55888758460996,-7.06645698642871,1009.2666666666668,1254.6666666666667,1335.8,1829.6666666666667,1800.6666666666667,0.1560444251139422,-0.1866305990916157,-0.1748649822056399,-0.0114636804436251
Air_0002,Air,Sawah,False,112.42414819530956,-6.982205156683893,802.317,1172.03,904.4645,1332.251,795.8435,0.1004397636920039,0.0247172478949882,0.2642757320429467,-0.2523925957142192
Pemukiman_0021,Pemukiman,Pemukiman,True,112.58251649462989,-7.053819102127197,962.9182389937108,1199.4528301886792,1314.4842767295595,2456.0251572327043,2576.867924528302,0.3158778694448736,-0.3533640492905356,-0.3774578211937459,0.024192239791311
Air_0042,Air,Air,True,112.58164346045795,-6.922591401555638,699.7939759036144,869.3,669.066265060241,533.7746987951807,539.5024096385542,-0.1331534461663141,0.2622146030312622,0.2428732192239811,0.0205932527591694
Air_0049,Air,Air,True,112.63979242121104,-6.952436195176288,1202.45,1459.551,1122.0975,615.111,501.2675,-0.2925668430283056,0.4080931703275723,0.4899080724536411,-0.1026879831955844
Hutan Mangrove_0007,Hutan Mangrove,Hutan Mangrove,True,112.83479388250376,-7.333602092957174,442.425,807.425,555.75,2438.075,997.2,0.6202293422049274,-0.494146675229265,-0.0984399314940383,-0.418582277158481
Sawah_0044,Sawah,Sawah,True,112.55876447399665,-7.066635237339089,411.5,780.8333333333334,671.8333333333334,1310.2222222222222,1226.0555555555557,0.3226200689612569,-0.2517987749686934,-0.2181398726244456,-0.035158009164978
Pemukiman_0031,Pemukiman,Pemukiman,True,112.56198718607064,-7.04900053482371,1184.1923076923076,1375.2435897435898,1616.4102564102564,1912.5,2884.653846153846,0.0892914229049122,-0.1741015758057244,-0.3653082485702397,0.2076901877314577
Pemukiman_0028,Pemukiman,Pemukiman,True,112.55972484490756,-7.050160880790556,915.0877192982456,1157.0,1228.140350877193,2473.6140350877195,2628.0526315789475,0.3480372471963125,-0.3726275413008878,-0.4056399766731715,0.0339155655678344
Sawah_0002,Sawah,Sawah,True,112.58180657149592,-7.071763113764833,1399.2,1628.6,1724.4,2321.7,2368.5,0.1483690081121603,-0.1772893800878293,-0.185035148458638,0.0086781719227391
Sawah_0018,Sawah,Sawah,True,112.5818694466249,-7.070524599838137,543.4705882352941,769.4117647058823,694.7647058823529,1006.9411764705884,1162.4117647058824,0.1726794694494243,-0.1210584697860175,-0.1910204098701369,0.0714442547577928
Hutan Mangrove_0047,Hutan Mangrove,Hutan Mangrove,True,112.69424814055078,-7.149556401083083,169.244776119403,604.9820895522388,258.3313432835821,3279.402985074627,1251.868656716418,0.8536460272176982,-0.6884599133763782,-0.3483882058465752,-0.4475527990909746
Hutan Mangrove_0035,Hutan Mangrove,Hutan Mangrove,True,112.83222163289228,-7.356774644167772,370.321568627451,758.1333333333333,407.4078431372549,4072.41568627451,1383.9450980392155,0.8100085826166468,-0.6789197243475628,-0.2890233214088974,-0.4890227999045278
Hutan Mangrove_0008,Hutan Mangrove,Sawah,False,112.83585906231916,-7.334427283335955,543.6,842.35,666.3,1918.25,838.85,0.470819820431546,-0.3769357654133344,0.0039454364323997,-0.3821282993890132
